:020000040800F2
:1000000000500020154D0008114D00080F4D00084C
:100010000F4D00080F4D00080F4D000800000000B4
:10002000000000000000000000000000114D00086A
:10003000114D000800000000114D000821230008A8
:100040000F4D00080F4D00080F4D00080F4D000820
:100050000F4D00080F4D00080F4D00080F4D000810
:100060000F4D00080F4D00080F4D00080F4D000800
:100070000F4D00080F4D00080F4D00080F4D0008F0
:100080000F4D00080F4D00080F4D00080F4D0008E0
:100090000F4D00080F4D00080F4D00080F4D0008D0
:1000A0000F4D00080F4D00080F4D00080F4D0008C0
:1000B0000F4D00080F4D00080F4D00080F4D0008B0
:1000C0000F4D00080F4D00080F4D00080F4D0008A0
:1000D0000F4D0008150900080F4D00080F4D0008CE
:1000E0000F4D00080F4D00080F4D00080F4D000880
:1000F0000F4D00080F4D00080F4D00080F4D000870
:100100000F4D00080F4D00080F4D00080F4D00085F
:100110000F4D00080F4D00080F4D00080F4D00084F
:100120000F4D00080F4D00080F4D00080F4D00083F
:100130000F4D00080F4D00080F4D00080F4D00082F
:100140000F4D00080F4D00080F4D00080F4D00081F
:040150005FF808F15B
:1001580080B584B000AF78600123FB6011E07B6854
:100168005A697B68F968243153F82130104649F6FA
:100178002861C0F600011A4605F060FAFB680133F1
:10018800FB607B68D3F88C20FB689A42E7DC7B68CD
:100198005B690A20194602F085FC022318461037CD
:1001A800BD4680BD80B582B000AF78607B68D3F86B
:1001B80090301B78002B09D07B685B6949F64C604E
:1001C800C0F600000121142205F0A4FD0223184600
:1001D8000837BD4680BD00BF80B584B000AF7860E9
:1001E8007B68A433FB600023FB72FB681B883A2BF7
:1001F80018D03A2B02DC002B05D060E03D2B14D040
:10020800442B41D05BE07B685B6949F66C60C0F6C3
:1002180000000121142205F07DFDFB683A221A80B6
:1002280000234DE0FB683D221A8040F69813C2F285
:1002380000031B78002B01D0012341E040F69813FE
:10024800C2F2000301221A7040F69C13C2F20003A6
:1002580040F20002C2F200021A6020E07B685A698C
:1002680040F69C13C2F200031B681B681B6810460B
:1002780049F68461C0F600011A4605F0DFF9FB680B
:1002880044221A8000231BE040F69C13C2F20003AC
:100298001B681A1D40F69C13C2F200031A6040F650
:1002A8009C13C2F200031B681B681B68002BD5D186
:1002B80040F69813C2F2000300221A7000BF02230E
:1002C80018461037BD4680BD80B586B000AF78604F
:1002D8007B680122C3F88C207B6803F138027B68B5
:1002E800C3F890207B683833184606F0DFFBB86007
:1002F8000023FB7501233B6169E040F2F003C2F281
:1003080000031A6879683B690B4438331B7801335A
:1003180013441B7803F00803002B09D0FB7D002B46
:1003280006D17A683B691344383300221A704BE0CF
:100338007A683B69134438331B78FA7D9A4208D1AE
:100348000023FB757A683B691344383300221A701E
:100358003AE03B69013B7A68134493F83830002B44
:1003680032D17A683B69134438331B78272B06D07F
:100378007A683B69134438331B78222B0CD17A688E
:100388003B69134438331B78FB757A683B6913441F
:10039800383300221A7017E07B68D3F88C203B6949
:1003A8003833796819447B68243243F822107B6813
:1003B800D3F88C305A1C7B68C3F88C207B68D3F840
:1003C8008C30032B00DD06E03B6901333B613A6961
:1003D800BB689A4291D37B68D3F88C30FB600BE002
:1003E800BB6838337A68D1187B68FA68243243F8D6
:1003F8002210FB680133FB60FB68032BF0D9183728
:10040800BD4680BD80B584B000AF786040F200037F
:10041800C2F20003FB6040F20003C2F20003FB607B
:1004280010E07B68D3F89020FB681B681B681046B7
:10043800194602F039FC0346002B00D107E0FB689F
:100448000433FB60FB681B681B68002BE9D1FB6861
:100458001A687B68C3F8A0201037BD4680BD00BF6E
:1004680080B582B000AF78607B68383318460021C9
:10047800502205F0FFFF7B6803F138027B68C3F860
:1004880088207B681A697B685B691046194605F005
:1004980013F97B685B69184605F036F80837BD46DE
:1004A80080BD00BF80B582B000AF7860786800F08A
:1004B800F9F8034618460837BD4680BD80B582B0B6
:1004C80000AF7860396078680021A82205F0D2FF73
:1004D8007A6849F68C63C0F6000313617B683A6852
:1004E8005A617B6803F128027B6818331046194665
:1004F800102201F023FE786800F09AF97B6818460C
:1005080040F2AD41C0F6000101F0EEF97B681846F3
:1005180001F0FAF90837BD4680BD00BF80B584B048
:1005280000AF786040F20003C2F20003DB6F002BDB
:1005380002D04FF0FF3345E00023FB601DE040F29E
:100548000003C2F20003FA6853F822301B68002B3C
:1005580016D040F20003C2F20003FA6853F82230C2
:100568001A687B681B681046194602F09DFB034613
:10057800002B05DCFB680133FB60FB681F2BDED911
:100588001F23BB6011E0BB685A1E40F20003C2F291
:10059800000353F8221040F20003C2F20003BA68C5
:1005A80043F82210BB68013BBB60BA68FB689A42FB
:1005B800E9D840F20003C2F20003FA68796843F808
:1005C8002210002318461037BD4680BD80B582B082
:1005D80000AF78607B682833184601F0C3FD0346F6
:1005E80018460837BD4680BD80B582B000AF786038
:1005F8000B46FB707B6803F12802FB78104619460E
:1006080001F00AFE7B68184601F0A4F90837BD46D8
:1006180080BD00BF80B588B000AFF860B9607A606F
:10062800BB68D633FB61FB68BB610023FB75BB6904
:100638001B88002B02D0D12B23D02EE0FB6900228F
:100648001A801EE0BB6803F12802FB691B887968E1
:100658000B441B781046194601F0DEFD0346002BBB
:1006680006D0FB691B8801339AB2FB691A8008E03F
:10067800BB68184601F048F9BB69D1221A800023EB
:100688000CE0FB691B887A6813441B78002BD9D1CE
:10069800BB68184601F038F900BF02231846203716
:1006A800BD4680BD80B586B000AF78607B680633F4
:1006B8007B610023FB747B691B88E62B16D0EB2B30
:1006C80035D0002B40F095807B68D3F88C30002B18
:1006D80003D17868FFF7C4FE05E07B6803F13802B0
:1006E8007B68C3F888207B69E6221A807868FFF760
:1006F8006DFFF860FB68B3F1FF3F01D1012379E09A
:10070800FB680A2B06D07B68D3F888207B68873380
:100718009A422AD37868FFF7D7FD7868FFF772FE08
:100728007B680022A3F8A4207B69EB221A807B68EF
:10073800D3F8A0305B68786898470346FB74FB7C65
:10074800012B01D8FB7C55E0FB7C032B09D17B688E
:100758005B6949F69060C0F6000001210F2205F0A0
:10076800D9FA7868FFF77CFE42E0FB68082B24D1B1
:100778007B68D3F888207B6838339A4211D97B6824
:10078800D3F888305A1E7B68C3F888207B685B6979
:1007980049F6A060C0F600000121022205F0BAFA6D
:1007A80005E07B685B692020194602F07BF97B68CD
:1007B8005B69184604F0A8FE1AE0FB68032B09D110
:1007C8007B685B690A20194602F06CF97868FFF7C4
:1007D80047FE0DE0FB680A2B0AD07B68D3F8883007
:1007E800591C7A68C2F88810FA68D2B21A707AE787
:1007F80079E7022318461837BD4680BD80B584B016
:1008080000AF78600B46FB707B6803F12802FB7829
:100818001046194601F000FD7868FFF743FF0346CC
:10082800FB73FB7B002BF7D01037BD4680BD00BFA4
:1008380080B582B000AF786040F6A053C2F20003E2
:100848007A681A6040F2023003F090FC40F20E30F1
:1008580003F08CFC252004F0CFFA4FF4407003F02D
:1008680085FC4FF40060C4F20100032102224FF41A
:10087800007303F001FB4FF40060C4F20100002193
:1008880001224FF4806303F0F7FA4FF46050C4F28A
:1008980001004FF4164103F089FC4FF46050C4F294
:1008A8000100082103F08DFC4FF46050C4F20100F0
:1008B800002103F08FFC4FF46050C4F201000021C6
:1008C80003F08EFC4FF46050C4F20100002103F0E5
:1008D80093FC4FF46050C4F201000C2103F086FC35
:1008E80043F60C03C4F2010343F60C02C4F20102FE
:1008F800126842F020021A604FF46050C4F20100FE
:1009080003F080FC0837BD4680BD00BF80B582B0CB
:1009180000AF43F60C03C4F201031B6803F0200385
:10092800002B3CD04FF46053C4F201031B6803F062
:100938002003002B33D04FF46050C4F2010003F0C1
:1009480075FC0346FB80FB880D2B08D140F2800024
:10095800C2F200000D2101F05FFC0A23FB80FB8836
:10096800DBB240F28000C2F20000194601F054FCEC
:1009780043F60C03C4F2010343F60C02C4F201026D
:10098800126842F080021A6040F6A053C2F20003D7
:100998001A68FB88DBB210461946FFF725FE43F6B6
:1009A8000C03C4F201031B6803F08003002B29D059
:1009B8004FF46053C4F201031B6803F08003002B5B
:1009C80020D040F28000C2F2000001F0CBFB38607A
:1009D8003B68B3F1FF3F0CD143F60C03C4F20103AB
:1009E80043F60C02C4F20102126822F080021A6077
:1009F80008E03B689BB24FF46050C4F2010019460E
:100A080003F010FC0837BD4680BD00BF80B586B036
:100A180000AFF860B9607A60FB68012B02D0FB6810
:100A2800022B2FD100237B6126E07B69BA6813442F
:100A38001B780A2B06D140F28000C2F200000D217B
:100A480001F0EAFB7B69BA6813441B7840F2800026
:100A5800C2F20000194601F0DFFB43F60C03C4F2B2
:100A6800010343F60C02C4F20102126842F080024C
:100A78001A607B6901337B617A697B689A42D4DBAF
:100A8800002306E004F07EFC034605221A604FF0BE
:100A9800FF3318461837BD4680BD00BF80B582B009
:100AA80000AF786001F04EFC02467B681B69104677
:100AB800194601F063FC0346002B16DD7B681B7AA0
:100AC800002B10D049F6FC70C0F6000005F054FD6C
:100AD8007B68DB6814331B68184649F67C71C0F6DE
:100AE800000101F00DFB012300E000231846083740
:100AF800BD4680BD80B582B000AF78603960786847
:100B080000211C2205F0B6FC7B683A68DA6001F027
:100B180019FC034603F5C333A0337A681361083719
:100B2800BD4680BD80B584B000AF78607B68DA6868
:100B38004FF4A843C4F200039A4206D04FF4B043DE
:100B4800C4F200039A4209D011E040F2152003F0E4
:100B58001BFB40F2152003F017FB08E040F21620BB
:100B680003F012FB40F2162003F00EFB00BF242313
:100B7800FB817B68DB68184603F0BEF97B68DA689E
:100B8800FB89DBB21046194603F0CAF97B68DA68BC
:100B9800FB89194689000B449BB21046194603F09D
:100BA800C8F97B68DA68FB8901339BB2104619469D
:100BB80003F0C5F97B68DB681846322103F0ABF90E
:100BC8007B68DB68184603F092F91037BD4680BD94
:100BD80080B584B000AF78607B680233FB60002387
:100BE800FB72FB681B88002B02D0832B0BD02EE0F6
:100BF8007B68DB68184603F084F904E0FB6883220D
:100C08001A80002324E07868FFF748FF034683F042
:100C18000103DBB2002B0CD07B68DB6814331A6845
:100C28007B68DB6818331B68134003F00103002B53
:100C3800E4D07B68DB6814331B68002B06D1786826
:100C4800FFF770FF7B6805225A60FFE700BF0223A9
:100C580018461037BD4680BD80B586B000AF7860B5
:100C680013460A467A807B707B6802337B610023D7
:100C7800FB747B691B88002B02D0992B18D067E086
:100C88007B687A781A757B68D9687B88DAB27B7852
:100C9800002B0CBF00230123DBB2084611461A467D
:100CA80003F04FF904E07B6999221A80002350E091
:100CB8007868FFF7F3FE034683F00103DBB2002BED
:100CC8000FD07B68DB6814331B6803F48063002B48
:100CD80007D17B68DB6814331B6803F00203002B21
:100CE800E1D07B68DB6814331B6803F00203002B38
:100CF80005D17868FFF716FF7B6805225A607B6884
:100D08001B7D012B08D17B68DB687A68D268126882
:100D180022F480621A600BE07B681B7D012B07D9E7
:100D28007B68DB687A68D268126842F480621A606D
:100D38007B68DB6818331B68FB607B681B7D012BB5
:100D480005D17B68DB68184603F0E0F8FFE700BFD1
:100D5800022318461837BD4680BD00BF80B584B051
:100D680000AF78600B46FB707B680233FB600023A2
:100D7800FB72FB681B88002B02D0B92B0DD02DE02D
:100D88007B68DA68FB781046194603F0D0F804E06F
:100D9800FB68B9221A80002321E07868FFF77EFEFD
:100DA800034683F00103DBB2002B07D07B68DB68C6
:100DB80014331B6803F00403002BE9D07B68DB685D
:100DC80014331B6803F00403002B06D17868FFF77F
:100DD800A9FE7B6805225A60FFE700BF0223184678
:100DE8001037BD4680BD00BF80B584B000AF7860C5
:100DF80039607B680233FB600023FB72FB681B8849
:100E0800002B07D0C82B06D047E0FB68C8221A8001
:100E1800002343E000BF7868FFF740FE034683F0F5
:100E28000103DBB2002B07D07B68DB6814331B6837
:100E380003F04003002BE8D07B68DB6814331B68A1
:100E480003F04003002B07D17868FFF76BFE7B683F
:100E580005225A60022321E07B681B7D013BDAB240
:100E68007B681A757B681B7D012B0CD17B68DB685E
:100E78007A68D268126822F480621A607B68DB683C
:100E8800184603F043F87B68DB68184603F05EF801
:100E980003461A463B681A7000BF022318461037EB
:100EA800BD4680BD80B584B000AF78607B680233F2
:100EB800FB600023FB72FB681B88002B07D0E12B2B
:100EC80006D02CE0FB68E1221A80002328E000BF4E
:100ED8007868FFF7E3FD034683F00103DBB2002BDC
:100EE80007D07B68DB6814331B6803F08403002B8E
:100EF800E8D07B68DB6814331B6803F08403002B9D
:100F080007D17868FFF70EFE7B6805225A60022336
:100F180006E07B68DB68184602F0F8FF00BF022392
:100F280018461037BD4680BD80B584B000AF7860E4
:100F380039607B68FB600023FB72FB681B88FA2B17
:100F480024D0FA2B02DC002B06D087E0FE2B32D00F
:100F5800B3F5817F4AD081E038680021102205F07E
:100F680089FA7B6800229A6173E001F0EBF9034685
:100F780003F51C5310337A6813617B6800225A60AA
:100F88007B6800225A80FB68FA221A807868FFF78B
:100F98001FFE0346FB72FB7A012B01D8FB7A5EE049
:100FA8007B685B68002B00D04EE07B6800225A808B
:100FB800FB68FE221A807B689B699BB27868194699
:100FC8000022FFF749FE0346FB72FB7A012B01D88A
:100FD800FB7A44E07B685B68002B00D034E07B68D8
:100FE80000225A80FB684FF481721A807868FFF7F4
:100FF80059FF0346FB72FB7A012B01D8FB7A2EE0DE
:101008007B685B68002B00D01EE07B689B6903F15E
:101018000F02002BB8BF13461B113A6832F8132091
:1010280090B27A689169CA17120F114401F00F0142
:101038008A1A012101FA02F292B201460A4392B2D7
:1010480091B23A6822F813107B689B695A1C7B6836
:101058009A617B689B697F2B87DD00BF0223184656
:101068001037BD4680BD00BF80B586B000AFF860C0
:1010780079813A81FB71FB687B610023FB747B6992
:101088001B88B3F58A7F33D0B3F58A7F06DC002B43
:1010980010D040F21112934213D081E0B3F58D7F46
:1010A8005AD040F21D1293426FD040F21712934269
:1010B80038D075E0FB6800225A807B6940F2111233
:1010C8001A80F868FFF784FD0346FB74FB7C012B4C
:1010D80001D8FB7C65E0FB685B68002B01D002232C
:1010E8005FE0FB6800225A807B694FF48A721A809D
:1010F8007B89F86819460022FFF7AEFD0346FB74AA
:10110800FB7C012B01D8FB7C4BE0FB685B68002B68
:1011180001D0022345E0FB6800225A807B6940F237
:1011280017121A803B89DBB2F8681946FFF716FEDA
:101138000346FB74FB7C012B01D8FB7C31E0FB6888
:101148005B68002B01D002232BE0FB6800225A8049
:101158007B694FF48D721A80FB79F8681946FFF79E
:10116800FDFD0346FB74FB7C012B01D8FB7C18E0DA
:10117800FB685B68002B01D0022312E0FB680022A9
:101188005A807B6940F21D121A80F868FFF78AFEC0
:101198000346FB74FB7C012B01D8FB7C01E000BFFC
:1011A800022318461837BD4680BD00BF80B586B0FB
:1011B80000AFF8607B600B467B8113463B81FB6880
:1011C8007B610023FB747B691B8840F22D129342DC
:1011D80050D0B3F5977F09DA40F22712934218D01E
:1011E800B3F5957F2CD0002B0CD09AE040F2331247
:1011F800934270D0B3F59B7F00F08780B3F5987F5A
:1012080052D08EE0FB6800225A807B6940F2271298
:101218001A80F868FFF7DCFC0346FB74FB7C012BA3
:1012280001D8FB7C7EE0FB685B68002B01D00223C1
:1012380078E0FB6800225A807B694FF495721A8027
:101248007B89F86819460022FFF706FD0346FB7400
:10125800FB7C012B01D8FB7C64E0FB685B68002BFE
:1012680001D002235EE0FB6800225A807B6940F2CD
:101278002D121A803B89DBB2F8681946FFF76EFD1C
:101288000346FB74FB7C012B01D8FB7C4AE0FB681E
:101298005B68002B01D0022344E0FB6800225A80DF
:1012A8007B694FF498721A80F868FFF791FC03463F
:1012B800FB74FB7C012B01D8FB7C33E0FB685B688B
:1012C800002B01D002232DE0FB6800225A807B69A5
:1012D80040F233121A807B89F86819460122FFF719
:1012E800BBFC0346FB74FB7C012B01D8FB7C19E09B
:1012F800FB685B68002B01D0022313E0FB68002227
:101308005A807B694FF49B721A80F8687968FFF7F6
:101318006BFD0346FB74FB7C012B01D8FB7C01E0D1
:1013280000BF022318461837BD4680BD80B586B079
:1013380000AFF8607A600A467A817B72FB687B614D
:101348000023FB747B691B8840F2471293422FD01D
:10135800B3F5A47F05DA002B0CD0B3F5A27F10D02B
:1013680076E040F24B12934240D040F24F12934243
:1013780063D06DE0FB6800225A807B694FF4A2724B
:101388001A80F868FFF724FC0346FB74FB7C012BEA
:1013980001D8FB7C5DE0FB685B68002B01D0022371
:1013A80057E0FB6800225A807B6940F247121A8096
:1013B8007B89F86819460022FFF74EFC0346FB7448
:1013C800FB7C012B01D8FB7C43E0FB685B68002BAE
:1013D80001D002233DE0FB6800229A6121E0FB680E
:1013E80000225A807B6940F24B121A80FB689B6985
:1013F8007A6813441B78F8681946FFF7AFFC034670
:10140800FB74FB7C012B01D8FB7C22E0FB685B684A
:10141800002B01D002231CE0FB689B695A1CFB6867
:101428009A61FB689A697B7A9A42D8DBFB6800224A
:101438005A807B6940F24F121A80F868FFF732FD34
:101448000346FB74FB7C012B01D8FB7C01E000BF49
:10145800022318461837BD4680BD00BF80B485B04A
:1014680000AF78607B685B0803F07733FB607A68CD
:10147800FB68D31A7B60FB685B0803F07733FB607B
:101488007A68FB68D31A7B60FB685B0803F07733E4
:10149800FB607A68FB68D31A7B607B681A097B68F3
:1014A800134403F00F337B607A6813461B0213441E
:1014B8001A0413447B607B681B0E18461437BD461C
:1014C8005DF8047B704700BF80B582B000AF7860DC
:1014D8007B685B087A6813437B607B689B087A6843
:1014E80013437B607B681B097A6813437B607B68C6
:1014F8001B0A7A6813437B607B681B0C7A6813436A
:101508007B607B68DB431846FFF7A8FF0346184655
:101518000837BD4680BD00BF80B582B000AF786097
:101528007B68DA437B68013B13401846FFF796FF58
:10153800034618460837BD4680BD00BF80B582B057
:1015480000AF78607868FFF7BFFF0346C3F11F0359
:1015580018460837BD4680BD80B483B000AF7860B8
:101568007B681B68002B14BF00230123DBB21846DD
:101578000C37BD465DF8047B704700BF80B483B06C
:1015880000AF78607B681B6818460C37BD465DF86D
:10159800047B704780B483B000AF78607B680C33FD
:1015A800BFF35F8F1A68BFF35F8F7B681B7C0121D5
:1015B80001FA03F31340002B14BF00230123DBB20D
:1015C80018460C37BD465DF8047B704780B483B07D
:1015D80000AF0346FB71FB79413BFB71FB790122AC
:1015E80002FA03F31A46094BBFF35F8F53E8000F63
:1015F80040EA020043E800010029F7D1BFF35F8FFA
:101608000C37BD465DF8047B704700BFC000002062
:1016180080B582B000AF08E07B681B68184600F010
:1016280073F90748796800F0D9FC054800F090FC88
:1016380078607B68002BEFD10837BD4680BD00BFBE
:10164800A400002080B584B000AF3B461548194679
:1016580000F014FBF860FB680C3BBB600DE03B46F8
:10166800184600F053FBF860BB680C330E48194667
:1016780000F074FAFB680C3BBB60FB68002B0DD0D4
:10168800BB689A6840F29003C2F200039B68104658
:10169800194600F073FE0346002BE0DD1037BD4607
:1016A80080BD00BFB80000209C00002080B582B03B
:1016B80000AF074800F0C6FA78607B68002B01D1BC
:1016C800002301E07B680C3B18460837BD4680BD07
:1016D8009C00002080B500AF40F29003C2F20003E6
:1016E8001A6840F29003C2F200031B79938040F21B
:1016F8009003C2F200031B79032B1FD801A252F8F2
:1017080023F000BF1D17000845170008351700080B
:101718002F17000840F29003C2F200031B68184616
:1017280000F0F2F80BE04620FFF750FF40F290037C
:10173800C2F200031B680022DA8000E000BF80BD0F
:1017480080B582B000AF1948FFF724FF034683F045
:101758000103DBB2002B08D11548FFF7FDFE034655
:1017680083F00103DBB2002B05D040F29003C2F2F4
:1017780000039B6816E00F48FFF7EEFE0346002BB8
:1017880008D040F29003C2F200039B6803F10043C3
:10179800013B07E00748FFF7F1FE03460C3B7B607F
:1017A8007B689B6818460837BD4680BDA4000020AA
:1017B8009C000020B800002080B485B000AF78609D
:1017C80039607B680C3BFB603B680C3BBB60FB688B
:1017D8009A68BB689B68D31A18461437BD465DF8EB
:1017E800047B704780B400AF40F29003C2F200035C
:1017F8001B681846BD465DF8047B704780B582B00B
:1018080000AF786040F29003C2F200037A689A60F1
:1018180040F29003C2F200031B79002B1AD12F4823
:10182800FFF79AFE034683F00103DBB2002B11D1C8
:101838002B48FFF791FE034683F00103DBB2002B30
:1018480008D12848FFF7A6FE034683F00103DBB260
:10185800002B14D0FFF7DCFE40F29003C2F2000325
:101868001B68002B01D0FFF735FFFFF7EBFEFFF7F2
:101878001DFF024640F29003C2F200031A6040F2D4
:101888009003C2F200031B68002B20D040F29003A3
:10189800C2F200031B681A6840F29003C2F2000308
:1018A8001B68184690470346DAB240F29003C2F22A
:1018B80000031A7140F29003C2F200031B79002B57
:1018C80005D140F29003C2F200039B6802E0FFF7E3
:1018D80037FF034618460837BD4680BD9C000020E8
:1018E800B8000020A400002080B582B000AF786066
:1018F800396078680021102204F0BCFD7B683A68E2
:101908001A600837BD4680BD80B582B000AF7860E8
:10191800FFF77EFE7B680C330C481946002200F066
:101928001BFA034683F00103DBB2002B0BD07B6864
:101938000C330748194600F033FA7B680C33034828
:10194800194600F00BF90837BD4680BD9C00002001
:10195800B800002080B584B000AF78600B4800F074
:1019680065FAF860FB68002B04D14120FFF72EFED2
:10197800002307E0FB687A681A600448F96800F0F9
:10198800BFFA012318461037BD4680BDA4000020C9
:1019980090B585B000AF78600023FB73FFF738FE81
:1019A800FC7B7B680C330F48194600F0F9F90346B5
:1019B8002343002B0CBF00230123FB73FC7B7B68B4
:1019C8000C330948194600F0EBF903462343002B72
:1019D8000CBF00230123FB73FB7B18461437BD465D
:1019E80090BD00BF9C000020B800002080B582B0E8
:1019F80000AF786040F29003C2F200039B687868F9
:101A0800194600F0BBFC0346002B01DC012326E04D
:101A180040F29003C2F200031B687A689A6040F2B1
:101A28009003C2F200031B680C330F4819460022CA
:101A380000F092F9034683F00103DBB2002B0DD0CE
:101A480040F29003C2F200031B680C3307481946A2
:101A580041F2C172C0F6000200F09AF8002318465D
:101A68000837BD4680BD00BF9C000020B80000209C
:101A780080B584B000AFF860B9607A603B60FB68FD
:101A88001846B968FFF730FFFB68103318467968C5
:101A98003A68BB6900F0A0F91037BD4680BD00BFA9
:101AA80080B584B000AF78607B681033184600F0CA
:101AB800BDF9F860FB68002B02D14520FFF786FDD1
:101AC800FB6818461037BD4680BD00BF80B582B0A0
:101AD80000AF786039607B6810331846396800F0C9
:101AE8000FFA7B681846FFF735FF03461846083794
:101AF800BD4680BD80B582B000AF78607B6810338A
:101B08001846FFF747FD034618460837BD4680BD0F
:101B180080B582B000AF78607B681033184600F05B
:101B280017FA034618460837BD4680BD80B582B00F
:101B380000AF786039607B6810331846396800F068
:101B48004DFA0837BD4680BD80B500AF00F0FAFBFE
:101B580003461846FFF752FEF8E700BF80B483B08B
:101B680000AF786039607B681B68002B04D07B6805
:101B78005B683A681A6002E07B683A681A607B68BA
:101B88003A685A600C37BD465DF8047B704700BF61
:101B980080B588B000AFF860B9607A60FB681B68F0
:101BA800002B06D1FB68BA681A60FB68BA685A60ED
:101BB8002BE0FB685A687B68B8681146984703466B
:101BC800002B07DBFB685B68BA681A60FB68BA68B9
:101BD8005A601AE007F11403F868194600F04EF845
:101BE800F86105E007F11403184600F05BF8F861A6
:101BF8007B68B868F96998470346002BF2DA07F161
:101C080014031846B96800F065F82037BD4680BD52
:101C180080B483B000AF786039607B681B68002BA4
:101C280004D07B681A683B681A6002E07B683A68EF
:101C38005A607B683A681A600C37BD465DF8047BC9
:101C4800704700BF80B485B000AF78607B681B68C0
:101C5800002B01D100230AE07B681B68FB60FB684E
:101C68001A687B681A60FB6800221A60FB681846CD
:101C78001437BD465DF8047B704700BF80B483B05D
:101C880000AF786039607A683B681A603B687A68A8
:101C98005A607B681B6818460C37BD465DF8047BA4
:101CA800704700BF80B485B000AF78607B681B6860
:101CB8001B68FB60FB68002B05D0FA687B681A601C
:101CC800FB681B6800E0002318461437BD465DF822
:101CD800047B704780B485B000AF786039607B685A
:101CE8001B681B68FB607B681B683A681A603B6866
:101CF800FA681A60FB68002B03D17B685B683A6856
:101D08005A601437BD465DF8047B704780B485B0CF
:101D180000AF78607B681B681B68FB607B681B688A
:101D2800BB607B685B685A68FB689A4203D17B6832
:101D38005B68BA685A607B681B68FA6812681A6040
:101D4800FB6800221A607B681B681B6818461437FA
:101D5800BD465DF8047B704780B588B000AFF86079
:101D6800B9607A607B68002B02D107F114037B60AD
:101D7800F8687968FFF782FFF86109E0FA69BB68DB
:101D88009A4201D1012307E07868FFF78BFFF861D9
:101D9800FB69002BF2D1002318462037BD4680BDD1
:101DA80080B584B000AF7860396007F108037868BF
:101DB80039681A46FFF7D0FF0346002B06D007F113
:101DC80008031846FFF7A2FF012300E00023184686
:101DD8001037BD4680BD00BF80B584B000AFF86045
:101DE800B9607A603B60F8680021142204F042FB75
:101DF800FB68BA681A603B689AB2FB689A807A688E
:101E08003B68B2FBF3F3DAB2FB689A71FB680733FD
:101E180079683A68B1FBF2F2D2B2BFF35F8F1A70F9
:101E2800BFF35F8F1037BD4680BD00BF90B484B04C
:101E380000AF78607B680733BFF35F8FD3E84F2F1D
:101E480002F1FF30C3E8410F0029F7D1BFF35F8FDC
:101E5800D3B2FB60FB68002B10DC7B680733BFF351
:101E68005F8FD3E84F2F02F10102C3E84C2FBCF17A
:101E7800000FF6D1BFF35F8F00233CE07B68083387
:101E8800BFF35F8F1B78BFF35F8FDBB2BB72BB7A88
:101E98001A467B689B79013B9A4203DABB7A013385
:101EA800DBB200E00023FB727B6803F1080107F155
:101EB8000A031A78FC7AD0B2BFF35F8FD1E84F2FAC
:101EC800824203D1C1E84C4FBCF1000FBFF35F8FD2
:101ED800114614BF002201221970134683F0010332
:101EE800DBB2002BD3D17B681A68BB7A7968898802
:101EF80001FB03F3134418461037BD4690BC7047E6
:101F080080B485B000AF786039603A687B681B6838
:101F1800D31AFB607B689B88FA68B2FBF3F3BB605B
:101F28007B680C33BA68012101FA02F2BFF35F8FB4
:101F380053E8000F40EA020043E800010029F7D106
:101F4800BFF35F8F1437BD465DF8047B704700BF51
:101F580080B485B000AF78607B681B7CFB607B68D1
:101F68000C33FA68012101FA02F2D2431146BFF399
:101F78005F8F53E8002F02EA010043E8000CBCF130
:101F8800000FF6D1BFF35F8FBA60FB68012202FA37
:101F980003F31A46BB681340002B01D1002316E057
:101FA8007B689B79013B1A46FB689A4204D9FB6817
:101FB800DBB20133DBB200E000237A6813747B687C
:101FC8001A687B689B88F96801FB03F31344184679
:101FD8001437BD465DF8047B704700BF80B483B0FA
:101FE80000AF786039607B680733BFF35F8FD3E851
:101FF8004F1F01F10101C3E8421F002AF7D1BFF3C7
:102008005F8F0C37BD465DF8047B704780B586B09E
:1020180000AFF860B9607A603B603B681B68591C88
:102028003A6811607B617B69002B0AD17B681B6869
:10203800F8684AF21801C0F600011A4603F0FEFAE1
:102048001EE07B69DB007A6813445B681846FFF77B
:1020580063FA38617B69DB007A6813441A687B6924
:10206800DB0079680B445968BB6819403B6921FA61
:1020780003F3F8684AF22801C0F6000103F0DEFA1B
:102088003B681B68DB007A6813441B68002B02D18D
:102098003B6800221A603B681B6818461837BD4623
:1020A80080BD00BF80B586B000AFF860B9607A60C7
:1020B80000237B6100BF07F11403F868B9687A68E8
:1020C800FFF7A4FF0346002BF5D11837BD4680BDA6
:1020D80080B584B000AFF860B9607A6040F22053F0
:1020E800C2F200031B689B681846F968BA687B68E7
:1020F800FFF78CFF034618461037BD4680BD00BF6A
:1021080080B582B000AF7860396040F22053C2F2E7
:1021180000031B689B68184679683A68FFF7C2FF96
:102128000837BD4680BD00BF80B483B000AF03460A
:10213800FB710C37BD465DF8047B704780B584B0F1
:1021480000AFF860B9607A60F8680021102204F0E6
:1021580091F9FB68BA681A60FB687A685A601037A8
:10216800BD4680BD80B584B000AF78607B68083319
:10217800BFF35F8F1B68FB60BFF35F8F7B680C3317
:10218800BFF35F8F1A68BFF35F8FFB689A4202D173
:102198004FF0FF331EE07B681A68FB6813441B7816
:1021A800BB600520FFF7C0FFFB680133FB607B685D
:1021B8005B68FA689A4204D37B685B68FA68D31A4A
:1021C800FB607B680833BFF35F8FFA681A60BFF360
:1021D8005F8FBB6818461037BD4680BD80B483B09A
:1021E80000AF78607B680833BFF35F8F1A68BFF36E
:1021F8005F8F7B680C33BFF35F8F1B68BFF35F8F04
:102208009A4214BF00230123DBB218460C37BD469F
:102218005DF8047B704700BF80B584B000AF78607C
:102228000B46FB707B680C33BFF35F8F1B68FB604A
:10223800BFF35F8FFB68BB60FB680133FB607B68A3
:102248005B68FA689A4204D37B685B68FA68D31AB9
:10225800FB607B680833BFF35F8F1A68BFF35F8F3B
:10226800FB689A4201D1002311E07B681A68BB68B9
:102278001344FA781A700520FFF756FF7B680C3371
:10228800BFF35F8FFA681A60BFF35F8F01231846A8
:102298001037BD4680BD00BF80B582B000AF786002
:1022A8000B46FB7000BFFB7878681946FFF7B4FF50
:1022B800034683F00103DBB2002BF4D10837BD4697
:1022C80080BD00BF80B582B000AF78600AE07B684F
:1022D8005A1C7A601B784FF46050C4F2010019460A
:1022E80001F095FF7B68002B03D07B681B78002BDF
:1022F800EDD118460837BD4680BD00BF80B500AF98
:10230800002002F055FD42F2273002F049FD02F0AC
:102318005BFD02F061FD80BD80B400AF40F6C8539C
:10232800C2F20003D3E9002312F57A7043F10001E9
:1023380040F6C853C2F20003C3E90001BD465DF888
:10234800047B704780B400AF40F6C853C2F2000364
:10235800D3E9002313461846BD465DF8047B704751
:1023680080B400AF40F6C853C2F20003D3E900239B
:1023780010461946BD465DF8047B704780B483B0AB
:1023880000AF786039607A683B68D31A18460C3712
:10239800BD465DF8047B704790B587B000AFF86024
:1023A800B9607A60FB681C68FFF7CCFF0346E31A44
:1023B8007B617B69002B0ADB7A6844F24023C0F218
:1023C8000F0303FB02F31A467B699A4211DAFFF7FF
:1023D800B9FF0246796844F24023C0F20F0303FBB9
:1023E80001F31A44FB681A60FB6801225A60012352
:1023F8000AE0FB685B68591CFA685160BA68934246
:102408002CBF00230123DBB218461C37BD4690BD04
:1024180080B500AF02F074FF80B584B000AF78607B
:10242800786803F089FC0346FB60FB68002B01D148
:10243800FFF7EEFFFB6818461037BD4680BD00BFAA
:1024480080B584B000AF78600120796802F060FF41
:102458000346FB60FB68002B01D1FFF7D9FFFB683F
:1024680018461037BD4680BD80B58EB000AFF86005
:10247800B9607A60FB685B7887F83330FB689B88C3
:102488009BB287F83230FB685B889BB2DBB203F003
:10249800010387F83130FB68DB889BB287F830305E
:1024A80007F1140318464FF4A841C4F20001FEF7DF
:1024B80021FBFB685B889BB203F48043002B2AD185
:1024C8000023FB8200BF07F114031846FEF780FBC8
:1024D8000346012BF7D9BB69002B00D07FE000230E
:1024E800FB8200BF97F832309AB297F83130002B50
:1024F80002D097F8303000E0002307F114010846B5
:1025080011461A46FEF7A8FB0346012BEAD9BB6918
:10251800002B00D063E000237B632FE00023FB82C5
:1025280000BF97F83130002B0FD07B6BBA6813448B
:1025380007F1140210461946FEF756FC0346012B14
:10254800CCBF00230123DBB20FE07B6BBA681344D6
:102558001B7807F1140210461946FEF7FFFB0346E5
:10256800012BCCBF00230123DBB2002BD9D1BB69DF
:10257800002B00D033E07B6B01337B6397F830206E
:102588007B6B9A42CADC97F8333003F00203002BC6
:1025980012D097F83130002B0ED10023FB8200BFF8
:1025A80007F114031846FEF77DFC0346012BF7D903
:1025B800BB69002B00D012E040F6EC53C2F20003D6
:1025C80001221A7097F83130002B03D097F8303079
:1025D8009BB200E000237A68138001230EE007F124
:1025E80014031846FEF79EFA40F6EC53C2F20003B5
:1025F80002221A707B6800221A8001231846383795
:10260800BD4680BD80B584B000AFF860B9607A601F
:102618003B60BB685B78072B74D801A252F823F0A3
:1026280049260008732600089F260008E3260008AC
:10263800B5260008B5260008B5260008B526000806
:10264800BB68023340F69C60C2F2000019460222C1
:1026580000F0B4FA7A6840F69C63C2F20003136093
:102668003B6802221A8001234EE040F69C60C2F2C9
:1026780000004AF2BC01C0F60001042200F09EFAF4
:102688007A6840F69C63C2F2000313603B68042238
:102698001A80012338E07A6840F69C63C2F200038E
:1026A80013603B6800221A8001232DE0BB685B8819
:1026B8009BB203F00103002B05D07A6840F69C63B7
:1026C800C2F2000313607B681B68B86819463A6851
:1026D800FFF7CAFE0346DBB216E040F6EC53C2F23F
:1026E80000031A7840F69C63C2F200031A707A68F5
:1026F80040F69C63C2F2000313603B6801221A8013
:10270800012301E000BF022318461037BD4680BDF3
:1027180080B584B002AF78600B467B8000230093BD
:10272800786881210322042301F0C0FD78684121E3
:102738007F2242F20D63C0F6000301F092FE0837D3
:10274800BD4680BD80B588B004AF78607B6806332D
:10275800FB600023FB72FB681B8840F2591293420E
:1027680029D0B3F5B17F64D0002B71D140F202308B
:1027780001F0FCFC4FF40060C4F2010002210022C9
:102788004FF4C05301F078FB4FF40060C4F201002D
:102798004FF4C05101F0A8FBFFF7D4FD034603F541
:1027A8001C52103240F6DC63C2F200031A60FB6868
:1027B80040F259121A8040F6DC63C2F200031B682B
:1027C8001846FFF713F9034683F00103DBB2002B29
:1027D80001D001233DE00323009341F23803C2F204
:1027E80000030193802302934AF2B410C0F600005C
:1027F8004AF23801C0F600014AF28402C0F600022B
:1028080040F2C403C2F2000301F018FD024640F68C
:10281800F053C2F200031A6040F6F053C2F200030C
:102828001B68184642F21971C0F6000102F0C6F999
:1028380000E000BF40F6F053C2F200031B681846E0
:1028480001F02EFDFB684FF4B1721A80002300E0FE
:10285800022318461037BD4680BD00BF80B588B03A
:1028680000AF40F2033001F081FC40F2953001F0F6
:102878007DFC4FF4407001F079FC3B1D18464FF485
:10288800A841C4F20001FEF735F93B1D1846FEF7D2
:1028980049F94FF44060C4F2010003210322C02328
:1028A80001F0EAFA2037BD4680BD00BFB0B586B05A
:1028B80000AF4FF49043C2F200037B614AF2C003B9
:1028C800C0F600033C461D460FCD0FC42B6823708D
:1028D8007B691D463C460FCC28606960AA60EB60A6
:1028E80023782B7402F080FA80B582B000AF78604C
:1028F8007B685B6918464AF2D401C0F6000140F6CD
:10290800D052C2F2000202F099FE0223184608379C
:10291800BD4680BD80B582B000AF7860FFF7C6FFC6
:10292800022318460837BD4680BD00BF80B400AFFB
:10293800BD465DF8047B704780B400AFBD465DF8C6
:10294800047B704780B489B000AF41F21803C4F229
:10295800020341F21802C4F20202126842F01002A5
:102968001A6041F20403C4F201033B613B691B682E
:1029780023F0F87343F098723B691A6041F2100330
:10298800C4F20103FB6041F21403C4F20103BB600B
:102998000023FB612DE000237B600023BB6122E064
:1029A80000237B6118E0FA69D317DB0F1A4402F0A1
:1029B8000102D31A012B03D1FB684FF400521A60AD
:1029C800FB6903F00103002B03D1BB684FF40052ED
:1029D8001A607B6901337B617B69B3F5E15FE2DBF8
:1029E800BB690133BB61BB69132BD9DDFB690133BB
:1029F800FB61FB69092BCEDD18462437BD465DF81F
:102A0800047B704780B584B000AF786022E07B68B3
:102A18005A1C7A601B784FF46050C4F201001946C2
:102A280001F000FC0023FB600DE040F6E063C2F219
:102A380000031B685A1C40F6E063C2F200031A60E8
:102A4800FB680133FB60FA6848F29F63C0F2010338
:102A58009A42EADD7B68002B03D07B681B78002B49
:102A6800D5D118461037BD4680BD00BF80B582B0AD
:102A780000AF78600AE07B685A1C7A601B784FF4D4
:102A88006050C4F20100194601F0C1FB7B68002BBD
:102A980003D07B681B78002BEDD118460837BD465C
:102AA80080BD00BF80B582B000AF786039604FF458
:102AB8006050C4F20100796801F0A9FB1846083794
:102AC800BD4680BD80B582B000AF4EF60853CEF249
:102AD800000300221A6001F0F5FA40F2023001F01A
:102AE80045FB40F2033001F041FB40F6D050C2F202
:102AF80000001C2101F078F940F22053C2F20003D3
:102B08001B689B6840F6F450C2F200001946FDF7B6
:102B1800D5FC4FF46050C4F201002D2101F077FB81
:102B280000237B600CE07B68DA004AF2E403C0F61D
:102B3800000313441846FDF7F1FC7B6801337B6002
:102B48007B68012BEFD9FFF789FE4AF2F400C0F643
:102B58000000FFF78BFFFFF7D1FB4AF20010C0F629
:102B68000000FFF783FF4AF20C10C0F60000FFF7E1
:102B78007DFF00237B6003E000BF7B6801337B603F
:102B88007B68B3F5000FF7D340F2D400C2F200001F
:102B9800FEF7BAFE4AF21810C0F60000FFF766FF0B
:102BA800FEF7D2FF4AF22410C0F60000FFF75EFFDE
:102BB800002318460837BD4680BD00BF844641EA59
:102BC800000313F0030349D1403A23D30B68036091
:102BD8004B6843608B688360CB68C3600B69036193
:102BE8004B6943618B698361CB69C3610B6A03627B
:102BF8004B6A43628B6A8362CB6AC3620B6B036363
:102C08004B6B43638B6B8363CB6BC3634030403147
:102C1800403ADBD230320BD30B6803604B68436019
:102C28008B688360CB68C36010301031103AF3D2E0
:102C38000C3205D351F8043B40F8043B043AF9D26E
:102C4800043208D0D2071CBF11F8013B00F8013B41
:102C580001D30B8803806046704700BF082A13D34E
:102C68008B07B1D010F00303AED0C3F10403D21A1E
:102C7800DB071CBF11F8013B00F8013BA4D331F876
:102C8800023B20F8023B9FE7043AD9D3013A11F8F6
:102C9800013B00F8013BF9D20B7803704B78437085
:102CA8008B7883706046704740EA010C1CF0070F70
:102CB80027D1BDF1100DCDE90245CDE900676FF0D0
:102CC80000064FF0000700BFF0E80223F1E80245D4
:102CD800A242A2F1013C2CEA020C0CF0803C08BF95
:102CE800BCF1000F40F0E580AB42A3F1013C2CEAB7
:102CF800030C0CF0803C08BFBCF1000F40F0D680FC
:102D0800E2E710F0030C21D020F0030050F8042B68
:102D18005FEACC7C08D00FD211F801CB5FFA92F3AE
:102D2800B3EB0C0C10D17BB111F801CB5FFAA2F315
:102D3800B3EB0C0C08D13BB111F801CB5FFAB2F33D
:102D4800B3EB0C0C00D10BB960467047BDF1100D08
:102D5800CDE90245CDE900676FF000064FF00007A6
:102D680011F0030C33D110F0040F0FD050F8042BDE
:102D780051F8044BA242A2F1013C2CEA020C0CF0DF
:102D8800803C08BFBCF1000F40F0938011F0040FA5
:102D980099D051F8045B00BFF0E80223AA42A2F1DF
:102DA800013C2CEA020C0CF0803C08BFBCF1000F7F
:102DB80079D1F1E80245A342A3F1013C2CEA030CC6
:102DC8000CF0803C08BFBCF1000F69D1E4E721F0AA
:102DD8000301BCF1020F20D03FDA51F8045B00BFB9
:102DE80050F8043B4FEA1525A3F1013C2CEA030CEB
:102DF8000CF0803CB7EB0C2F03EA162208BFAA425E
:102E080051D151F8045BBCF1000F82EA03034FEA89
:102E1800056208BF934240D1E2E751F8045B00BF66
:102E280050F8043B4FEA1545A3F1013C2CEA030C8A
:102E38000CF0803CB7EB0C4F03EA164208BFAA42DD
:102E480031D151F8045BBCF1000F82EA03034FEA69
:102E5800054208BF934220D1E2E751F8045B00BF66
:102E680050F8043B4FEA1565A3F1013C2CEA030C2A
:102E78000CF0803CB7EB0C6F03EA166208BFAA425D
:102E880011D151F8045BBCF1000F82EA03034FEA49
:102E9800052208BF934200D1E2E719BA12BA0AE044
:102EA80019BA22BA07E011BA2ABA04E019BA2ABA3A
:102EB80001E011BA22BA9CFA8CF0DDE90067DDE97D
:102EC80002451DF1100D38B1B0FA80F0C0F11800BC
:102ED80021FA00F122FA00F20120914298BF8041C4
:102EE800704700BF81F0004102E000BF83F000435B
:102EF80030B54FEA41044FEA430594EA050F08BF8D
:102F080090EA020F1FBF54EA000C55EA020C7FEA50
:102F1800645C7FEA655C00F0E2804FEA5454D4EBCD
:102F28005555B8BF6D420CDD2C4480EA020281EA97
:102F3800030382EA000083EA010180EA020281EACF
:102F48000303362D88BF30BD11F0004F4FEA013121
:102F58004FF4801C4CEA113102D0404261EB410130
:102F680013F0004F4FEA03334CEA133302D05242B6
:102F780063EB430394EA050F00F0A780A4F1010472
:102F8800D5F1200E0DDB02FA0EFC22FA05F28018AC
:102F980041F1000103FA0EF2801843FA05F3594192
:102FA8000EE0A5F120050EF1200E012A03FA0EFC11
:102FB80028BF4CF0020C43FA05F3C01851EBE3713B
:102FC80001F0004507D54FF0000EDCF1000C7EEB58
:102FD80000006EEB0101B1F5801F1BD3B1F5001F96
:102FE8000CD349085FEA30004FEA3C0C04F10104B5
:102FF8004FEA445212F5800F80F09A80BCF1004FDE
:1030080008BF5FEA500C50F1000041EB045141EA5F
:10301800050130BD5FEA4C0C404141EB010111F460
:10302800801FA4F10104E9D191F0000F04BF01460B
:103038000020B1FA81F308BF2033A3F10B03B3F1E9
:1030480020020CDA0C3208DD02F1140CC2F10C0279
:1030580001FA0CF021FA02F10CE002F11402D8BFD7
:10306800C2F1200C01FA02F120FA0CFCDCBF41EAA3
:103078000C019040E41AA2BF01EB0451294330BD72
:103088006FEA04041F3C1CDA0C340EDC04F114044F
:10309800C4F1200220FA04F001FA02F340EA030026
:1030A80021FA04F345EA030130BDC4F10C04C4F16C
:1030B800200220FA02F001FA04F340EA030029464C
:1030C80030BD21FA04F0294630BD94F0000F83F496
:1030D800801306BF81F480110134013D4EE77FEA79
:1030E800645C18BF7FEA655C29D094EA050F08BFC5
:1030F80090EA020F05D054EA000C04BF19461046A6
:1031080030BD91EA030F1EBF0021002030BD5FEAE9
:10311800545C05D14000494128BF41F0004130BD11
:1031280014F580043CBF01F5801130BD01F0004565
:1031380045F0FE4141F470014FF0000030BD7FEAD8
:10314800645C1ABF194610467FEA655C1CBF0B46D3
:10315800024650EA013406BF52EA033591EA030FEA
:1031680041F4002130BD00BF90F0000F04BF0021E2
:10317800704730B54FF4806404F132044FF0000515
:103188004FF0000150E700BF90F0000F04BF00218E
:10319800704730B54FF4806404F1320410F00045F4
:1031A80048BF40424FF000013EE700BF42004FEAEF
:1031B800E2014FEA31014FEA02701FBF12F07F436C
:1031C80093F07F4F81F06051704792F0000F14BF69
:1031D80093F07F4F704730B54FF4607401F00045AD
:1031E80021F0004120E700BF50EA010208BF704704
:1031F80030B54FF000050AE050EA010208BF7047F9
:1032080030B511F0004502D5404261EB41014FF461
:10321800806404F132045FEA915C3FF4DCAE4FF065
:1032280003025FEADC0C18BF03325FEADC0C18BF4C
:10323800033202EBDC02C2F1200300FA03FC20FA9D
:1032480002F001FA03FE40EA0E0021FA02F11444EA
:10325800C1E600BF70B54FF0FF0C4CF4E06C1CEAFF
:1032680011541DBF1CEA135594EA0C0F95EA0C0F74
:1032780000F0DEF82C4481EA030621EA4C5123EAE7
:103288004C5350EA013518BF52EA033541F4801116
:1032980043F4801338D0A0FB02CE4FF00005E1FBC9
:1032A80002E506F00042E0FB03E54FF00006E1FB13
:1032B80003569CF0000F18BF4EF0010EA4F1FF0456
:1032C800B6F5007F64F5407404D25FEA4E0E6D4196
:1032D80046EB060642EAC62141EA55514FEAC520A7
:1032E80040EA5E504FEACE2EB4F1FD0C88BFBCF523
:1032F800E06F1ED8BEF1004F08BF5FEA500E50F1D4
:10330800000041EB045170BD06F0004646EA010199
:1033180040EA020081EA0301B4EB5C04C2BFD4EBCB
:103328000C0541EA045170BD41F480114FF0000EC4
:10333800013C00F3AB8014F1360FDEBF002001F032
:10334800004170BDC4F10004203C35DA0C341BDCAC
:1033580004F11404C4F1200500FA05F320FA04F07E
:1033680001FA05F240EA020001F0004221F00041B2
:1033780010EBD37021FA04F642EB06015EEA430E25
:1033880008BF20EAD37070BDC4F10C04C4F1200555
:1033980000FA04F320FA05F001FA04F240EA020008
:1033A80001F0004110EBD37041F100015EEA430ED9
:1033B80008BF20EAD37070BDC4F1200500FA05F2F9
:1033C8004EEA020E20FA04F301FA05F243EA020378
:1033D80021FA04F001F0004121FA04F220EA020087
:1033E80000EBD3705EEA430E08BF20EAD37070BDCD
:1033F80094F0000F0FD101F00046400041EB0101AD
:1034080011F4801F08BF013CF7D041EA060195F08E
:10341800000F18BF704703F00046520043EB030348
:1034280013F4801F08BF013DF7D043EA0603704735
:1034380094EA0C0F0CEA135518BF95EA0C0F0CD040
:1034480050EA410618BF52EA4306D1D181EA030186
:1034580001F000414FF0000070BD50EA410606BF80
:103468001046194652EA430619D094EA0C0F02D1C5
:1034780050EA013613D195EA0C0F05D152EA03360A
:103488001CBF104619460AD181EA030101F0004128
:1034980041F0FE4141F470014FF0000070BD41F071
:1034A800FE4141F4780170BD70B54FF0FF0C4CF44B
:1034B800E06C1CEA11541DBF1CEA135594EA0C0F6A
:1034C80095EA0C0F00F0A7F8A4EB050481EA030EB7
:1034D80052EA03354FEA013100F088804FEA03339E
:1034E8004FF0805545EA131343EA12634FEA02226C
:1034F80045EA111545EA10654FEA00260EF000412D
:103508009D4208BF964244F1FD0404F5407402D27E
:103518005B084FEA3202B61A65EB03055B084FEA0F
:1035280032024FF480104FF4002CB6EB020E75EB0C
:10353800030E22BFB61A754640EA0C005B084FEA34
:103548003202B6EB020E75EB030E22BFB61A7546B1
:1035580040EA5C005B084FEA3202B6EB020E75EBFC
:10356800030E22BFB61A754640EA9C005B084FEA74
:103578003202B6EB020E75EB030E22BFB61A754681
:1035880040EADC0055EA060E18D04FEA051545EA70
:1035980016754FEA06164FEAC30343EA52734FEA19
:1035A800C2025FEA1C1CC0D111F4801F0BD141EA92
:1035B80000014FF000004FF0004CB6E711F4801FF7
:1035C80004BF01430020B4F1FD0C88BFBCF5E06FD7
:1035D8003FF6AFAEB5EB030C04BFB6EB020C5FEAE7
:1035E800500C50F1000041EB045170BD0EF0004E3C
:1035F8004EEA113114EB5C04C2BFD4EB0C0541EA6E
:10360800045170BD41F480114FF0000E013C90E66A
:1036180045EA060E8DE60CEA135594EA0C0F08BF2E
:1036280095EA0C0F3FF43BAF94EA0C0F0AD150EA2D
:1036380001347FF434AF95EA0C0F7FF425AF1046C0
:1036480019462CE795EA0C0F06D152EA03353FF4E8
:10365800FDAE1046194622E750EA410618BF52EA65
:1036680043067FF4C5AE50EA41047FF40DAF52EA39
:1036780043057FF4EBAE12E74FF0FF3C06E000BFD6
:103688004FF0010C02E000BF4FF0010C4DF804CDE3
:103698004FEA410C7FEA6C5C4FEA430C18BF7FEAA3
:1036A8006C5C1BD001B050EA410C0CBF52EA430CD1
:1036B80091EA030F02BF90EA020F0020704710F151
:1036C800000F91EA030F58BF994208BF90422CBFE0
:1036D800D8176FEAE37040F0010070474FEA410CD9
:1036E8007FEA6C5C02D150EA013C07D14FEA430CF7
:1036F8007FEA6C5CD6D152EA033CD3D05DF8040B68
:10370800704700BF8446104662468C461946634699
:1037180000E000BF01B5FFF7B7FF002848BF10F170
:10372800000F01BD4DF808EDFFF7F4FF0CBF0120B5
:1037380000205DF808FB00BF4DF808EDFFF7EAFF31
:1037480034BF012000205DF808FB00BF4DF808EDEC
:10375800FFF7E0FF94BF012000205DF808FB00BFE1
:103768004DF808EDFFF7CEFF94BF012000205DF86B
:1037780008FB00BF4DF808EDFFF7C4FF34BF012078
:1037880000205DF808FB00BF4FEA410212F5001265
:1037980015D211D56FF47873B3EB625212D94FEA90
:1037A800C12343F0004343EA505311F0004F23FA7A
:1037B80002F018BF404270474FF00000704750EACF
:1037C800013005D111F0004008BF6FF0004070478C
:1037D8004FF00000704700BF4BB942B9002908BF3D
:1037E800002802D04FF0FF31084600F03BB882B005
:1037F800EC462DE9005000F01DF8DDF804E002B0B9
:103808000CBC70472DE9F843089C154698460646B7
:103818000F4600F029F805FB01F9A5FB002300FB82
:10382800089C6344B21A67EB0303C4E90023BDE8AC
:10383800F88300BF2DE9F843089E1746804689465D
:103848001D4600F06FF900FB05F3A0FB074507FBD9
:1038580001373D44B8EB040469EB0505C6E90045AA
:10386800BDE8F883704700BF00292DE9F00FA8BF15
:103878000026C0F2AB80002BC0F2A3808946904698
:103888009C46144605460F46002B48D18A425CD90F
:10389800B2FA82F353B1C3F1200201FA03F720FA16
:1038A80002F208FA03F400FA03F51743210CB7FBF8
:1038B800F1F201FB1277A0B200FB02F34FEA154CBC
:1038C8004CEA0747BB4209D93F1902F1FF3C04D231
:1038D800BB4284BF023A3F1900D86246FF1AB7FBC1
:1038E800F1F301FB137100FB03F0ADB245EA0141AE
:1038F800884208D9091903F1FF3703D2884288BFE3
:10390800023B00D83B4643EA0243002218461146D0
:1039180016B1404261EB4101BDE8F00F70478B42A0
:1039280084BF00221346F1D8BCFA8CF1002940F07C
:103938009580CC4528BF80458CBF002201229CBFC2
:1039480001230A46E2D91346E0E712B90123B3FB83
:10395800F2F4B4FA84F3002B3ED13F1B200C1FFA7B
:1039680084FC0122B7FBF0F100FB11770CFB01F39B
:103978004FEA154848EA0747BB420AD93F1901F1FF
:10398800FF3880F0C780BB4284BF02393F1940F23C
:10399800C180FF1AB7FBF0F300FB13700CFB03FCAC
:1039A800ADB245EA0040844508D9001903F1FF3754
:1039B80003D2844588BF023B00D83B4643EA014313
:1039C800A4E7F643524263EB430357E7404261EBF7
:1039D80041014FF0FF364EE79C40C3F1200927FA1A
:1039E80009F125FA09F99F40200CB1FBF0F200FB20
:1039F80012111FFA84FC0CFB02F849EA07094FEA86
:103A0800194747EA0141884505FA03F509D9091913
:103A180002F1FF3380F08480884584BF023A091997
:103A28007ED9C8EB0101B1FBF0F300FB13170CFBC7
:103A380003F81FFA89F949EA0747B84509D93F1930
:103A480003F1FF3104D2B84584BF023B3F1900D8C7
:103A58000B46C8EB070743EA024283E7C1F120039C
:103A680028FA03F20CFA01FC29FA03F420FA03F30A
:103A780009FA01F942EA0C0C4FEA1C4AB4FBFAF7BE
:103A88000AFB17441FFA8CFB0BFB07F043EA0909F2
:103A98004FEA194343EA0444A04208FA01F209D95B
:103AA80014EB0C0407F1FF3338D2A04284BF023F65
:103AB800644433D9201AB0FBFAF30AFB13000BFB5A
:103AC80003FB1FFA89F949EA0040834509D910EB3D
:103AD8000C0003F1FF341FD2834584BF023B6044CE
:103AE8001AD943EA0747A7FB0223CBEB0000984209
:103AF8000DD305FA01F114BF0023012391422CBF15
:103B0800002203F001023B46002A3FF4FFAE7B1E71
:103B18000022FBE641463CE72346E2E71F46C9E7A9
:103B28001A467EE72DE9F003144605460E46002B9B
:103B380042D18A4255D9B2FA82F34BB1C3F1200679
:103B4800994020FA06F602FA03F400FA03F50E4348
:103B5800220CB6FBF2F002FB1066A7B207FB00F3DB
:103B68004FEA154C4CEA0646B34209D9361900F11A
:103B7800FF3104D2B34284BF0238361900D8084650
:103B8800F61AB6FBF2F302FB136207FB03F7ADB2BA
:103B980045EA0242974209D9121903F1FF3180F030
:103BA800ED80974288BF023B40F2E88043EA00403C
:103BB8000021BDE8F00370478B4284BF002108460E
:103BC800F7D8B3FA83F4002C4AD18B4228BF82423B
:103BD8008CBF002101219CBF01202146E9D908465C
:103BE800E7E712B90124B4FBF2F4B4FA84F7002F22
:103BF80040F084800B1B260CA7B20121B3FBF6F022
:103C080006FB103307FB00F24FEA154C4CEA03435E
:103C18009A420AD91B1900F1FF3C80F0B1809A4200
:103C280084BF02381B1940F2AB809B1AB3FBF6F233
:103C380006FB123307FB02F7ADB245EA0345AF4274
:103C480009D92C1902F1FF3380F09C80A74288BF64
:103C5800023A40F29780BDE8F00342EA004070471C
:103C6800C4F1200522FA05F7A34021FA05F620FA47
:103C780005F5A1403B434FEA1348B6FBF8FC08FBA7
:103C88001C661FFA83F909FB0CF729430D0C45EA5A
:103C98000646B74202FA04F204D9F6180CF1FF35C9
:103CA80078D3AC46F61BB6FBF8F708FB176609FB9A
:103CB80007F989B241EA0645A94504D9ED1807F183
:103CC800FF3161D30F4647EA0C47A7FB0223C9EB34
:103CD80005059D420DD300FA04F114BF0025012506
:103CE80091422CBF002105F00101384600293FF41C
:103CF80060AF781E0021BDE8F0037047BC40C7F1F3
:103D0800200321FA03FC20FA03F3B940260CBCFB7C
:103D1800F6F806FB18CC1FFA84F909FB08F21943D8
:103D28000B0C43EA0C4C624500FA07F50AD91CEB68
:103D3800040C08F1FF3334D2624584BFA8F10208AD
:103D4800A4442ED9C2EB0C0CBCFBF6F206FB12C342
:103D580009FB02F089B241EA0343984209D91B19C9
:103D680002F1FF3104D2984284BF023A1B1900D8ED
:103D78000A461B1A42EA08414F463FE70B4615E739
:103D8800604652E71A4666E7A94584BF023FED1828
:103D980099D897E7B74284BFACF1020CF61881D8DE
:103DA8007FE79846CEE700BF002103E0094B5B5848
:103DB800435004310848094B42189A42F6D3084A3E
:103DC80002E0002342F8043B064B9A42F9D3FEF77F
:103DD80079FE70477CA400080000002094090020A8
:103DE80098090020BC100020F0B51A4B89B0054690
:103DF8000E4603AA03F1100718685968144603C44D
:103E08000833BB422246F7D11B786846237000F07E
:103E180023F8182E94BF06F1FF31182100238B4296
:103E280013DA08A800EB630212F8202C08AC00EBA8
:103E3800121002F00F0210F8140C224412F8142C7D
:103E4800E854E81842700233E9E700236B5409B0DC
:103E5800F0BD00BF38A10008044B1B680360044B89
:103E68001B684360034B1B6883607047F0F7FF1FB4
:103E7800ECF7FF1FE8F7FF1F2DE9F04706684568D4
:103E88004FF6E07C002443FA04F7FF0721D51FFA18
:103E980084F8B8F1070F04D84FEA8807BFB2B146D3
:103EA80001E06746A9464FF00F0A0AFA07FA29EA1D
:103EB8000A0907F1020A02FA0AFA01FA07F74AEAB6
:103EC800070747EA0907B8F1070F98BF3E4688BFBA
:103ED8003D4601340CF1040C102C1FFA8CFCD2D195
:103EE80006604560BDE8F087090401617047036812
:103EF80043F0010303607047036823F00103036084
:103F08007047036843F4807303607047036843F4A1
:103F1800007303607047490041F480418160704735
:103F2800436823F03F039BB2194341607047016126
:103F38007047C36903F470431943C1617047016254
:103F4800704742EA4102D2B2026170470069C0B2CA
:103F580070470000024B1A6842F080721A6070477E
:103F680000100240062822D8DFE800F004090E13EA
:103F7800181A1C000F4B1868C0F3406070470D4BAF
:103F88001868C0F3C06070470A4B1868C0F34070E7
:103F98007047084B1868C0F340407047054B02E073
:103FA800054B00E0054B1868C0F34000704700203F
:103FB800704700BF00100240201002402410024049
:103FC80010B504462046FFF7CDFF0028FAD010BDF3
:103FD80006281FD8DFE800F004060B101517190093
:103FE800FFF7B8BF0C4B1A6842F0806211E00A4B29
:103FF8001A6842F080520CE0074B1A6842F480328B
:1040080007E0054B02E0054B00E0054B1A6842F05B
:1040180001021A60704700BF0010024020100240E1
:1040280024100240034B1A6822F003021043186060
:10403800704700BF04100240034B1A6822F4701244
:1040480042EA80401860704704100240034B1A6827
:1040580022F4803242EA004018607047041002409F
:10406800034B1A6822F4003242EA40401860704755
:1040780004100240034B1A6822F4404242EA80309E
:104088001860704704100240034B1A6822F460520B
:1040980042EAC0201860704704100240034B1A68B7
:1040A80022F4E06242EA00201860704704100240DF
:1040B800034B1A6822F0F00242EA001018607047B9
:1040C8000410024008B50420FFF782FF0420FFF720
:1040D80077FF0020FFF7A6FF0320FFF779FF0320F3
:1040E800FFF76EFF0120FFF79DFF0020FFF7E0FFBD
:1040F8000320FFF7BFFF0420FFF7D0FF0020FFF7E2
:10410800C3FF022000F086FE0720FFF795FF01207D
:10411800FFF79CFF0020FFF7A3FFFFF71BFF00201E
:10412800FFF74EFF0220FFF77DFF044B044A0549C5
:104138001360054A1160054A136008BD00A24A04CD
:10414800E400002000512502E8000020EC000020D7
:10415800034B98420CBF034B034B1868704700BFD2
:1041680000380140EC000020E8000020430901214C
:1041780000F01F0001FA00F003F1804303F5043357
:104188001A681043186070474309012100F01F00A6
:1041980001FA00F003F1804303F504331A6802437F
:1041A8001A601A6822EA00001860704738B50C4691
:1041B8000546FFF7CDFF00EB5400B0FBF4F4AC600C
:1041C80038BDC36808290CBF23F4805343F48053D7
:1041D800C3607047036923F4405319430161704772
:1041E800C36823F4C0631943C1607047C36823F0F0
:1041F8000C031943C1607047436923F440731943A2
:1042080041617047C36843F40053C360704738B5D1
:1042180004460D4600F00EF820462946BDE8384011
:1042280000F000B8C1F30801416070474068C0F36E
:104238000800704703681B06FCD570472DE9F0415C
:1042480005460068174698460E468047079A069B1B
:104258004261BDF82020036102830E4A0023C0F8A2
:1042680080200D4AC0F8EC50C2670C4A80E8C000B4
:10427800C0F80C80C0F8F030C0F8F4308267C0F89D
:10428800D830C0F8DC30C0F8E030C0F8E430BDE821
:10429800F08100BF914400083F450008C745000869
:1042A80008B5D0F8EC305B6A984708BD37B5069C6E
:1042B800D0F8EC500094AC68A04703B030BD37B5D7
:1042C800036800258576C5760446DB7929462A46A3
:1042D8000095FFF7EBFFD4F8EC3020465B682946E1
:1042E8009847236A03B1984703B030BD10B5D0F89A
:1042F800EC40E469A04710BD10B5D0F8EC40246A42
:10430800A04710BD08B5D0F8EC301B69984708BD28
:1043180008B5D0F8EC309B69984708BD08B5D0F8C7
:10432800EC305B69984708BD38B50268B0F8403092
:10433800D5790446AB424FF00001C26B11D92B4628
:10434800FFF7D4FF022384F830302368E26BD97971
:104358000A44E263DB79B4F84020D31AA4F8403069
:1043680038BDFFF7C3FF94F84830002B0CBF032378
:10437800022384F83030002384F84830A4F8403011
:10438800E36338BD2DE9F34104460D4600F15808B2
:10439800002658F8067037B9A36804F13C0804F100
:1043A8004007D3B91BE008EB0603587929781A7936
:1043B80000EA01039A4203D00836202EE9D1EBE740
:1043C80004F1440300932046294604F13C0204F119
:1043D8004003B8470128EFD816E0E66C46B92046F6
:1043E800294642463B4602B0BDE8F04100F036BCE3
:1043F8002B7803F07F03402BF1D120462946424613
:104408003B46B0470128EAD802B0BDE8F08110B5B4
:10441800002101220446FFF775FF002384F830309D
:1044280010BD38B50268B0F84030458FD279ED1A22
:104438009542A8BF1546C26BADB21A4400212B465F
:104448000446FFF759FFA84205D02046FFF7DFFFD3
:104458004FF0FF3038BDB4F840300344A4F8403082
:1044680038BD70B5002500EBC504A66D2EB1013529
:10447800042DF8D14FF0FF3070BD84F85C1084F83B
:104488005D20A365304670BD38B50025044601227D
:1044980045642946FFF742FF628F93B21BB194F936
:1044A8003410A94231DA6369A4F84020E363204656
:1044B80004F13401FFF766FF10B3618FB9B1B4F8A6
:1044C800403022688B42D27909D24BB193FBF2F18A
:1044D80002FB1133D3F1010338BF002300E00023AE
:1044E80084F848302046BDE83840FFF71DBF0B462A
:1044F80020460A46FFF7FAFE042384F8303038BD18
:104508002046BDE83840FFF782BF228B9A42F7D396
:104518006269A4F84050E26322680021D2792046FB
:104528009A4234BF0523062384F830300A46BDE892
:104538003840FFF7F3BE90F8303010B5062B04462C
:1045480011D0072B25D0052B34D1FFF76AFF00289F
:1045580034DBB4F84030628FD21A2368DB799A4290
:104568002CDC062310E0FFF75CFF002826DB204642
:1045780004F13401FFF706FF48B100210B4620463D
:104588000A46FFF7B3FE042384F8303010BD2046F6
:1045980010E000210B460A46FFF7AEFE002384F820
:1045A8003030636C1BB1204604F134019847002376
:1045B800636410BDBDE81040FFF729BF10BD90F837
:1045C800303010B5032B044607D0042B0ED0022B35
:1045D80023D1BDE81040FFF7A7BE0723002180F8CC
:1045E80030300A46BDE81040FFF798BE436C13B15F
:1045F80000F13401984794F8343053B994F83530C1
:10460800052B06D1D4F8EC30E18E5B682046C9B2A0
:104618009847002384F8303010BDBDE81040FFF7FC
:10462800F6BEF8B54A8804460E467AB10368587C47
:104638000023834208D261680D2505FB03114979DF
:10464800914205D00133F4E70020F8BD4FF0FF3365
:104658000133DBB2E37643B9D4F8EC302046DB68AB
:104668009847D4F8D83093B922E00D225A436168AC
:104678000D3A0A44002311798B42EDD2D2F8091081
:104688001801415809B1002008700133F3E70023ED
:10469800A3652366A3662367254604F11007D5F8AA
:1046A800D83013B12046718898470435BD42F6D1F9
:1046B8000120F8BD19881268012984BF01211980D9
:1046C800C37E2BB141680D2000FB031313F8083C8F
:1046D80013700120704730B5C47E0D256C434068C7
:1046E8000D3C20448D880479A5420CD201241C80FD
:1046F8008988D0F809300901CB58126803B11B78B2
:104708001370012030BD002030BD19880120022916
:1047180084BF02211980116800230B70126853703E
:10472800704719880120022984BF02211980116865
:1047380000230B7012685370704738B514461A88F6
:104748002568022A84BF02221A808988C9B2FFF725
:10475800DFFD003018BF01202870236800225A703E
:10476800012038BD08B589880122C9B2FFF7CAFD02
:10477800012008BD08B589880022C9B2FFF7C2FD2B
:10478800012008BD10B50A7872B94C887F2C0BD867
:10479800D0F8EC30847693F830201AB149885B68F9
:1047A800C9B29847012010BD002010BD70B51E4643
:1047B800C37E0A460D214B4341680D3B0B441C79CF
:1047C80091888C4216D9D3F8095009016B1854887E
:1047D8001B79A3420ED9695809B10C7000E04CB995
:1047E800D0F8E84014B191885288A047002333805C
:1047F800012070BD002070BD2DE9F04F05464888A6
:1048080089B05FFA80F8000A022814469B4616D041
:104818000ED8012840F0CB812B6813602B68BBF8B9
:1048280000201B789A4238BF1346ABF80030BFE12E
:10483800032800F058810F2800F0E380B7E16B6986
:10484800BBF80040136001930D2303FB08F86E6862
:10485800019816F8085006EB0803AC4238BF254605
:1048680019462A460293FEF7A9F9019B16F8082073
:10487800641B00202B44A4B2ADF81E2003900298BC
:10488800039902798A4240F2B58002980399D0F8D8
:10489800092009010A4496680591A6B13778184697
:1048A800BC4238BF274631463A46FEF787F9BDF87D
:1048B8001E2031780346E41B3D440A443B44A4B21D
:1048C800ADB2ADF81E200021049102980599D0F8E8
:1048D800092004980A441179814240F2868004989C
:1048E8004FF0150808FB00F8D2F80C90184619F894
:1048F800087009EB0806BC4238BF274631463A46DD
:10490800FEF75CF9BDF81E2019F80880D6F80D10DE
:1049180090440346E41B3D441FFA88F83B44A4B284
:10492800ADB2ADF81E80A1B1D6F811701846BC42E0
:10493800B8BF2746BFB23A46FEF740F9D6F811206D
:104948000346E41B3D4490443B44A4B2ADB2ADF8E9
:104958001E8000273279BA4242D94FF00F0A0AFB6B
:1049680007FAD6F809C018461CF80A900CEB0A0892
:104978004C4538BFA14641464A46CDF800C0FEF72F
:104988001DF9DDF800C0BDF81E201CF80AA0D8F8F3
:10499800071092440346C9EB04044D441FFA8AFAEF
:1049A8004B44A4B2ADB2ADF81EA0B1B1D8F80B908B
:1049B80018464C45B8BFA1461FFA89F94A46FEF782
:1049C800FDF8D8F80B200346C9EB04044D44924483
:1049D8004B44A4B2ADB2ADF81EA00137BFB2B9E7DF
:1049E80004994A1C92B204926FE703994A1C92B246
:1049F800039244E7BDF81E30019A5380ABF800508B
:104A0800D3E0A868002800F0D380B8F1000F40F088
:104A1800CE806F691E881760AD6838462C782946A5
:104A2800A64238BF34462246FEF7C8F82B78361B14
:104A3800B6B201934FEA48132A7902935FFA88F3D2
:104A48009A4245D9D5F805309A460393029B9A4471
:104A58009AF80230052B3FD107EB040C142E34BF13
:104A6800B1464FF01409604651464A46FEF7A6F88B
:104A78005149844610220AF10400CDF800C001F023
:104A88005FFCDDF800C090B9C9EB06039BB2082BA8
:104A980028BF0823DAF814101A460CEB0900009313
:104AA800FEF78CF8009B03EB090080B200E00020C1
:104AB8000299039A535C01990B449BB2019300B984
:104AC8005EB9361A0444B6B2A4B208F10108B1E7D7
:104AD800019B20467B8000E00020ABF800000030FE
:104AE80018BF012064E06E69B8F1000F0CD10923EA
:104AF800B3700423F3703370BBF80030042B28BF65
:104B08000423ABF800304DE0D5F8F03098451DD1BE
:104B1800D5F8F40001F0CAFF01304300DBB233706E
:104B2800BBF80020934228BF1346ABF8003000239F
:104B3800BBF800205208013A934233DAD5F8F42042
:104B4800D15C06EB430251800133F1E7E86808F1D4
:104B5800FF3868B32B69984529DA8A8840F20943F7
:104B68009A4224D150F8280001F0A0FF01304300F8
:104B7800DBB23370BBF800204FEA8807934228BFA6
:104B88001346ABF800300023BBF800205208013A66
:104B9800934207DAEA68D259D15C06EB43025180A6
:104BA8000133F1E7032373702660012000E0002041
:104BB80009B0BDE8F08F00BF7CA10008002300EB1E
:104BC8008302D2F8D8203AB18A4208D00133042BA4
:104BD800F5D14FF0FF307047363340F823100020EE
:104BE8007047000038B54C78092C05D8044D55F8A5
:104BF80024401CB1A04738BD002038BD204638BD30
:104C08008CA1000838B54C780B2C05D8044D55F804
:104C180024401CB1A04738BD002038BD204638BD0F
:104C28004CA1000810B54C78012C03D009D3032CF3
:104C380003D004E04C8834B101E04C882CB100204A
:104C480010BD034C02E0034C00E0034CA04710BD2C
:104C5800434700087D4700086D47000810B50C78E9
:104C680014F0600F12D104F01F04012C0AD005D3F0
:104C7800022C0BD1BDE81040FFF7D4BFBDE81040AF
:104C8800FFF7B0BFBDE81040FFF7BCBF002010BD64
:104C980008B540F29730FFF769FA064A064900233B
:104CA80013600B6041F80C3C4FF41C43136003483D
:104CB80008BD00BF405C0040505C0040EC0E002086
:104CC80010B50132520800239CB2A24205D031F837
:104CD800134040F823400133F6E710BDF0B502F069
:104CE800010652080D460446134633B135F8047BD5
:104CF800013B24F8027B9BB2F7E71EB111F8223082
:104D080000F81230F0BDFEE77047000010B5002231
:104D1800184919485318834204D2184BD358535092
:104D28000432F5E7164A934203D200221A6004338C
:104D3800F8E7144B144C1A6842F400721A60134BCB
:104D48009C4203D254F8043B9847F8E7104C114BA7
:104D58009C4203D254F8043B9847F8E7FDF7B2FEAB
:104D68000D4C0E4B9C4203D254F8043B9847F8E78D
:104D780010BD00BF00000020940900207CA400089A
:104D8800BC10002014ED00E07CA400087CA40008FE
:104D98007CA400087CA400087CA400087CA400086B
:104DA800024B20F07F401860704700BF14E000E01D
:104DB800044B00F004001A6822F0040202431A604F
:104DC800704700BF10E000E0024B1A6842F0020290
:104DD8001A60704710E000E0024B1A6842F00102C6
:104DE8001A60704710E000E0014A024B1A60FEE7C3
:104DF8000400FA050CED00E04309012200F01F0051
:104E080002FA00F09B0003F1604303F56143186068
:104E180070470000034B1A6822F00702104318601D
:104E2800704700BF00200240024B41F0800119602A
:104E3800704700BF4C5C00403E2A07D9013AC2F3D4
:104E48004412501C400142F0200203E00132520893
:104E5800500080B2054B92021B6892B29BB203EBE2
:104E6800C101034B49005A50704700BF505C0040D5
:104E78000C6000402DE9F3410E463F49054608689D
:104E880049686C4603C426F07F0006F07F06B4002C
:104E980004F1804404F5B844D4F800C048F68071A1
:104EA8000CEA01013143216021680DF1080C0CEB7B
:104EB800420232F8082C21F4EC4121F07001114330
:104EC80089B2089F216000F0FF0CF20098B996B1F2
:104ED8002A490868A98B80B202445000284A115018
:104EE800284631461A46FFF7A7FF77B30C2303FB82
:104EF8000656F76729E02149A88B096889B2114449
:104F0800490001F1804101F5C04108601FB10C2141
:104F180001FB06518F67D4F8008048F6CF7108EA84
:104F280001012160D4F8008048F6BF7108EA010148
:104F380081F0200141F4004141F0800118442160D2
:104F4800A883BCF1000F13D1C2E722684CF68F7317
:104F58001340236022684BF68F73134083F4405349
:104F680043F4004343F080032360AB8B1844A883C9
:104F780002B0BDE8F08100BF30A10008505C0040DD
:104F8800086000400E4B19680E4A21F4E04121F0F8
:104F980040010A4392B21A6019680A4A21F4804112
:104FA80021F070010A4392B243F8042B064A934257
:104FB800E9D10368DB7920335B008383704700BF46
:104FC800045C00408080FFFF205C004010B571B990
:104FD800274848F6BF7304682340002A0CBF2024E2
:104FE8001024634043F4004343F0800303600B063E
:104FF8001DD501F07F01890001F1804101F5B8411B
:10500800086848F6BF73002A00EA03030CBF202291
:10501800102282EA030343F4004343F080030B6049
:1050280024D10A6848F6CF7313400B6010BD89007D
:1050380042B901F1804000F5B84004684CF68F731E
:105048002340036001F1804101F5B84108684BF63F
:105058008F730340002A0CBF4FF440524FF4805224
:105068005A4042F4004242F080020A6010BD00BF7C
:10507800005C00400A060DD501F07F01890001F1AE
:10508800804101F5B8410B6803F03003102B0CD0B8
:1050980000207047890001F1804101F5B8410B6893
:1050A80003F44053B3F5805FF1E701207047000037
:1050B800080619D40D4B5A54890001F1804101F5B5
:1050C800B84132B10A684BF68F73134083F400532A
:1050D80005E00A684BF68F73134083F4405343F49A
:1050E800004343F080030B60704700BFE40E0020CC
:1050F80001F07F01F8B58D0005F1804505F5B8454B
:105108001C462B6803F03003302B26D0144FCE00FA
:105118003B6811469BB233445B0003F1804303F5BF
:10512800C04318882246400000F1804000F5C04086
:10513800FFF7C6FD3B6820469BB21E44094B76002C
:105148009C512A6848F6BF73134083F0300343F438
:10515800004343F080032B60F8BD0020F8BD00BF7A
:10516800505C004004600040F8B58D0005F18045B2
:1051780005F5B8451C462B680E4603F44053B3F5B5
:10518800405F3AD01F4FCB0038681F4980B218449F
:105198004000095AC1F30901A14208DA38681A49DE
:1051A80080B2184440000C58C4F30904A4B215494D
:1051B80010460968224689B20B445900134B595AC4
:1051C800490001F1804101F5C041FFF787FD2A68D8
:1051D80040F60F73134043F080032B600C4B9B5D2C
:1051E8006BB92A684BF68F73134083F4405343F42A
:1051F800004343F080032B6001E00020F8BD204607
:10520800F8BD00BF505C00400C60004008600040E2
:10521800E40E0020F8B5384B04461E68B5B269059F
:1052280008D54FF6FF321A6040238383BDE8F84063
:10523800FFF745B8320438D506F00F0615F010030D
:105248004FEA86070ED007F1804303F5B8431B6881
:105258001B0513D50823314600F13402FFF784FFFC
:1052680002230CE007F1804101F5B841086840F6D7
:105278000F72024042F400420A6000E00123032258
:1052880002FB06331E3354F823301BB12046314647
:1052980098470AE007F1804707F5B8473A6840F6AB
:1052A8000F73134043F080033B602F0506D5124B64
:1052B8004FF2FF721A60636A03B19847EE0406D58D
:1052C8000D4B4EF6FF721A60A36A03B19847AD05FD
:1052D80006D5094B4FF6FF521A60E36A03B19847A7
:1052E800E26A064B1AB11A6842F4007202E01A68C0
:1052F80022F400721A60F8BD445C0040405C004033
:1053080008B5062001F072FB012004F087FD00BFFC
:1053180040F22053C2F200030A460146186800F022
:1053280001B800BF10B502FB01F100F00DFD044605
:1053380070B150F8042C22F00302043A242A1CD835
:10534800132A98BF034605D800221A605A609A604B
:10535800204610BD00231B2A0360436098BF00F15C
:105368000803F1D9242A8360C36005BF0361436140
:1053780000F1100300F11803E6E7002101F07AF8C4
:10538800204610BD40F22053C2F20003186870474F
:105398008B892DE9F0419AB20D46110780463CD41D
:1053A8006A6843F40063002AAB8159DDAC6A002CBB
:1053B8004BD09BB203F480560022B6B2D8F80070E6
:1053C800C8F80020002E4FD02A6D5E0705D5696801
:1053D8002B6B521A0BB1EB6BD21A4046E9690023CA
:1053E800A047441C4BD0AB892A6923F400639BB2C5
:1053F80000212A60DA04AB8169604DD4296BC8F8B2
:10540800007011B305F14003994202D0404600F004
:10541800AFF900202863BDE8F0812E69AEB191078D
:105428002C680CBF6B6900232E60A41BAB600AE0DC
:10543800324623466F6A4046E969B8470028C0EB00
:105448000404064404DD002CF2DC0020BDE8F081F1
:10545800AB894FF0FF3043F04003AB81BDE8F081EA
:10546800EA6B002AA2DCF0E7324601234046E969EC
:10547800A047431C02461ED0AB89AC6AA5E7D8F802
:1054880000305BB9AA89296922F4006292B26B6084
:10549800D304AA812960B1D52865AFE71D2B01D0B7
:1054A800162B15D1A9892B6921F400610022A98145
:1054B8002B606A60A2E7D8F80030002BDCD01D2BE7
:1054C80018BF162BC4D1C8F800703046BDE8F0816B
:1054D800AB8943F04003AB81BDE8F08110B50446C9
:1054E80082B008B1836B53B1B1F90C0008B902B0AE
:1054F80010BD204602B0BDE81040FFF749BF01913A
:1055080000F01CF80199EFE738B140F22053C2F2DD
:10551800000301461868FFF7E1BF4AF2F023C0F61E
:10552800000345F2E5411868C0F6000100F09ABB97
:1055380049F2DD21C0F6000100F070BB2DE9F04F03
:10554800846B83B00746002C70D1456845F2395307
:10555800C0F60003032007F53B710422FB63C7F87C
:10556800E402C7F8E812C7F8E04205F15C00AA8136
:105578002C606C60AC606C66EC812C616C61AC6119
:105588002146082200F076FF46F6312BBE6846F623
:10559800552A46F68D2946F6AD280123C0F6000B9C
:1055A800C0F6000AC0F60009C0F600080922ED613D
:1055B800C5F820B0C5F824A0C5F82890C5F82C80F7
:1055C8002146F381B28134607460B46074663461DA
:1055D8007461B461082206F15C00019300F04AFF8F
:1055E800FD6812200222C6F820B0C6F824A0C6F82A
:1055F8002890C6F82C80F6612146A881EA812C60A3
:105608006C60AC606C662C616C61AC6105F15C002F
:10561800082200F02FFF019BC5F820B0C5F824A090
:10562800C5F82890C5F82C80ED61BB6303B0BDE8D0
:10563800F08F00BF704700BF704700BF0EB430B591
:1056480082B005AC54F8042B40F22055C2F2000594
:10565800014623462868019401F058FA02B0BDE8D3
:10566800304003B0704700BF30B5054687B00846E4
:105678001446019101F01AFA01AA0123059002903B
:10568800039204930DB1AB6B8BB1A38928469A049E
:105698005FBF626E43F4005322F40052626658BF43
:1056A800A381214603AA00F02FF907B030BD284690
:1056B800FFF744FFE9E700BF40F22053C2F20003BE
:1056C8000A4601461868FFF7CFBF00BFF8B540F299
:1056D8002454C2F200040F46054600F015FFA368E3
:1056E8005E6826F00306F71B07F6EF773F0B013FCE
:1056F8003F03B7F5805F07DB2846002101F036F944
:10570800A3683344984204D0284600F0FFFE0020E6
:10571800F8BD2846794201F029F9013010D041F24C
:105728000C03C2F200031A68A168F61B46F00106D2
:105738002846D71B4E601F6000F0E8FE0120F8BD28
:105748002846002101F012F9A368C21A0F2ADBDDEE
:1057580040F63011C2F200010C6841F20C0142F02F
:105768000102001BC2F200015A600860CCE700BFCA
:105778002DE9F8430E468146002960D000F0C4FEAA
:1057880056F8041CA6F1080421F00103E218576832
:1057980040F22455C2F2000527F00300AF68974293
:1057A80062D011F0010C506018BF002111D156F8D9
:1057B800081C05F10808641AA6680B4446451DBF75
:1057C800D4F80C806146C6F80C80012118BFC8F8CF
:1057D800086016187668F60708D40344906811B96B
:1057E800484EB0425FD0D268C260906043F0010278
:1057F8006260E350F1B9B3F5007F22D35A0A042A54
:105808005AD898093830410005EB8105AA6840F25A
:105818002451AA42C2F200015AD0516821F0030172
:105828008B4202D292689542F7D1D368E360A260B6
:105838009C60D4604846BDE8F84300F067BEBDE808
:10584800F883DB089A1001209040696805EBC303D0
:105858009A6801436960A260E36048469C60D4602E
:10586800BDE8F84300F052BECF07184407D456F8F5
:10587800081C641AE368A2680844D3609A6040F67A
:105888002C12C2F20002136840F0010298426260D2
:10589800AC60CFD341F20803C2F20003196848464E
:1058A800FFF714FFC6E743F001026C612C61E0606A
:1058B800A0606260E350BDE7142A9CBF02F15B0060
:1058C8004100A1D9542A0BD8180B6E3041009BE730
:1058D8008010012585404868134628434860A5E79D
:1058E800B2F5AA7F03D8D80B773041008CE740F295
:1058F80054518A429DBF980C7C304100FC2188BFDE
:105908007E2081E72C0500202DE9F04F936883B0B5
:10591800164681460C463BB38B89190728D5226960
:1059280032B303F0020292B23568002A2ED04FF04B
:10593800000A4FF47C4BD046C7F6FF7BD84534BFEE
:1059480043465B4652464846B8F1000F4FD0E169DE
:10595800676AB847002856DDB36882441B1AC0EB53
:105968000808B360002BE9D1002003B0BDE8F08F30
:105978004846214602F0B0FB002840F04781A38941
:10598800356803F0020292B2002AD0D113F0010A5E
:1059980042D1D046B8F1000F23D09A05A76876D532
:1059A800B845C0F0A48013F4906F40F0B28020682E
:1059B800BB4651465A4600F0F7FCA2682168D21B44
:1059C80001EB0B03A26023604246B36892449B1A22
:1059D800C2EB0808B360002BC6D0A389B8F1000F4A
:1059E800DBD1D5F800A0D5F804800835D2E7D5F882
:1059F80000A0D5F804800835A0E748462146FFF7FF
:105A08006DFD002859D0A38943F040034FF0FF30C3
:105A1800A38103B0BDE8F08F924601929346904669
:105A2800B8F1000F2BD0019F002F64D020682169A6
:105A3800C24534BF5346434688421F46D4F808C07F
:105A4800626903D99444634500F3AE80934236DB20
:105A58001346676A4846E1695A46B847071ED2DDC9
:105A6800BAEB070A3AD0B368BB44DB1BC7EB08089C
:105A7800B360002B3FF478AFB8F1000FD3D1002703
:105A8800D5F800B0D5F8048001970835C8E7206834
:105A98002369984202D86369984572D2B84538BFDD
:105AA80047463A46514600F07FFCA3682268DB1B54
:105AB8003A44A3602260002B9FD03A4685E71A46F5
:105AC8005946009300F070FC009BA1682268C91A2F
:105AD800BAEB070A1344A1602360C4D148462146A3
:105AE800FFF7FCFC00288ED1CDF804A0BBE72068A6
:105AF8004746C3465DE758460A21424600F0D6FBB2
:105B080000287ED000F1010A0127CBEB0A0A019791
:105B18008CE7226821696769C1EB020C07EB47072C
:105B28000CF1010207EBD77742447F10974234BF4C
:105B380017463A465B054DD511464846CDF800C094
:105B480000F002F9DDF800C08346002861D0624603
:105B58002169CDF800C0FDF731F8A289DDF800C051
:105B680022F4906242F08002A2810BEB0C00CCEB95
:105B78000702C4F810B067612060A2604746C346B8
:105B880017E76FF00042904538BF424692FBF3F2A8
:105B980002FB03F3676A4846E1695246B8470028A2
:105BA8007FF731AF024610E762465946CDF800C08C
:105BB80000F0FAFBDDF800C0236848466344236020
:105BC8002146FFF78BFCDDF800C000287FF41BAFEF
:105BD800674645E74846CDF800C000F0D5FCDDF83B
:105BE80000C083460028C0D148462169FFF7C0FDA0
:105BF800A3890C2223F080031B041B0CC9F8002086
:105C080002E7012708F1010A01970FE74FF0FF307B
:105C1800ABE60C23C9F80030A389F5E62DE9F0417D
:105C280010F53877884619D000267D68BC68013D94
:105C38000ED4A389013D012B06D9B4F90E302046B4
:105C4800013301D0C04706436B1C04F16804F0D14E
:105C58003F68002FE9D13046BDE8F0813E46304626
:105C6800BDE8F0812DE9F84310F53876804689467D
:105C78001AD000277568B468013D0FD4A389013D87
:105C8800012B07D9B4F90E3021460133404601D023
:105C9800C84707436A1C04F16804EFD13668002E30
:105CA800E8D13846BDE8F88337463846BDE8F8837A
:105CB8002DE9F04102FB03F586B01746984601AA84
:105CC8000123019102950595039204930C9C0646C5
:105CD80008B1836BDBB1A289304693045FBF636E62
:105CE80042F4005223F40053A28158BF6366214650
:105CF80003AAFFF709FE30B10598281AB0FBF7F0A0
:105D080006B0BDE8F081404606B0BDE8F081FFF777
:105D180015FCE0E770B540F22054C2F20004256893
:105D280082B00E4614460146009332462846234662
:105D3800FFF7BEFF02B070BD40F22053C2F200036D
:105D48000146186800F000B82DE9F04F01F10B0585
:105D5800162D87BF25F00705EB0F002310258D4270
:105D68002CBF194643F0010183B00746002940F0D3
:105D7800B48000F0C9FBB5F5FC7F1FD240F2245671
:105D8800C2F200064FEAD50C06EBCC03DC689C4255
:105D980000F0F4816368E26823F003032344586841
:105DA800A16840F00105CA60384691605D6000F066
:105DB800ADFB0834204603B0BDE8F08F5FEA552CF0
:105DC80004BF7E214FF03F0C40F08E8040F22456F5
:105DD800C2F2000606EB8101CC68A14206D10DE0B3
:105DE800002B80F26381E468A14207D0626822F048
:105DF8000302531B0F2BF3DD0CF1FF3C0CF1010CDC
:105E080040F22453C2F20003346903F1080E7445CA
:105E180008BF5A6821D0616821F003014A1B0F2A84
:105E280000F39081002AC3F814E0C3F810E066DAA2
:105E3800B1F5007F80F05F81C9088A104FF0010832
:105E480008FA02F803EBC1015A68886848EA0202B6
:105E5800A060E1605A608C60C4604FEAAC03012026
:105E68009840904258D8024206D12CF0030C4000CA
:105E780002420CF1040CFAD006EBCC084446E14689
:105E8800E3689C4207D170E1002A80F28181DB68D7
:105E98009C4200F06A81596821F003014A1B0F2ACD
:105EA800F2DD1C4654F808CFD96845F0010942F0E4
:105EB80001081D44C3F804903846CCF80C10C1F80A
:105EC80008C075613561C5F80CE0C5F808E0C5F88B
:105ED8000480AA5000F01AFB6CE70C23002403602E
:105EE800204603B0BDE8F08FBCF1040F00F2EF804C
:105EF8004FEA951C0CF1380C4FEA4C0166E7214437
:105F08004B68384643F001034B6000F0FFFA083451
:105F1800204603B0BDE8F08FB468636823F0030936
:105F28004D4504D8C5EB09030F2B00F3AF8041F2B0
:105F3800080340F6301AC2F20003C2F2000A1B68D6
:105F4800DAF800102B4401311DBF03F580530F33DD
:105F580023F47F6303F1100C18BF23F00F0C04EB3C
:105F68000902614638468DE8041000F0FFFC9DE800
:105F78000410B0F1FF3F804600F02081824200F219
:105F88001A8141F20C0BC2F2000BDBF800304245DB
:105F98006344CBF8003000F05F81DAF8000040F687
:105FA800301101301CBFC2EB08029B18C2F200017D
:105FB8000CBFC1F80080CBF8003018F007031FBFF2
:105FC800C3F108029044C3F5805303F1080A08EBB3
:105FD8000C0308BF4FF4805AC3F30B03C3EB0A0A40
:105FE8005146384600F0C2FC431C18BFC8EB0001FC
:105FF800DBF8003015BF51444FF0000A41F00101B1
:10600800012141F20C025344B442C6F80880CBF88F
:106018000030C8F80410C2F2000218D0B9F10F0F0E
:1060280040F2FB806168A9F10C0020F0070001F044
:10603800010140EA010C4FF0050E21180F28C4F8A1
:1060480004C0C1F804E0C1F808E000F2118141F28F
:106058000402C2F200021168B4688B4288BF136060
:1060680041F20002C2F2000211688B4288BF13603D
:10607800626822F003029542C5EB020301D80F2B98
:1060880004DC384600F042FA002493E645F00102A9
:1060980043F00103254462603846B5606B6000F048
:1060A80035FA0834204603B0BDE8F08F2244506822
:1060B800E368A16840F00105CB60384699605560F7
:1060C80000F024FA0834204603B0BDE8F08FBCF194
:1060D800140F9CBF0CF15B0C4FEA4C017FF676AEB7
:1060E800BCF1540F00F28F804FEA153C0CF16E0C96
:1060F8004FEA4C016AE64B0A042B58D9142B9CBF73
:1061080003F15B02500005D9542B00F2BA800A0B48
:106118006E32500006EB8000836840F224588342B8
:10612800C2F200087FD05A6822F00302914202D2DC
:106138009B689842F7D1D9687268E160A3608C6067
:10614800DC608AE645F0010642F0010125446660FC
:1061580038465D611D61C5F80CE0C5F808E0696066
:10616800AA50083400F0D2F924E609F1010919F01F
:10617800030F04F108047FF483AE28E004F1080358
:106188006469A34208BF0CF1020C3FF439AE01E682
:10619800194448681C4654F8082FDB6840F001058C
:1061A8004D603846D3609A6000F0B0F902E68A097B
:1061B80038325000AEE7B4423FF4E3AEB4686268E8
:1061C80022F0030257E7D8F8008098456BD11CF0FD
:1061D800030FA8F108030CF1FF3CF4D1736823EA1C
:1061E80000037360400098423FF696AE00283FF4E3
:1061F80093AE0342CC467FF43FAE400003420CF11D
:10620800040CFAD038E6BCF5AA7F16D84FEAD53C7C
:106218000CF1770C4FEA4C01D8E50123C8F804309B
:106228004446002227E7921001209040D8F8042025
:1062380019460243C8F804207FE740F254539C45AE
:106248009DBF4FEA954C0CF17C0C4FEA4C01FC21A8
:1062580088BF4FF07E0CB9E5C2F30B0100297FF42B
:106268009CAE0CEB0901B26841F001015160EEE609
:1062780004F1080138460092FFF77AFA009A136889
:10628800E5E6B3F5AA7F03D8CA0B7732500041E799
:1062980040F2545293429DBF8A0C7C325000FC203D
:1062A80088BF7E2236E773689CE700BF830770B417
:1062B800C9B240D0541E2AB303788B4223D0431C62
:1062C80004E0FCB1057814468D421CD013F0030F8E
:1062D800184604F1FF3203F10103F2D1032C14D85C
:1062E800651E54B303788B420DD0421C002302E094
:1062F80004788C4207D0AB42104603F1010302F147
:106308000102F5D1002070BC704741EA012603461E
:1063180046EA06461A6818467240A2F1013525EA8F
:10632800020212F0803F03F10403D9D1043C032C8C
:106338001846EFD8D4E71446D0E72046E3E700BF75
:10634800032A70B414D940EA01039B0711D10C4603
:10635800034625681E682146AE42184604F1040427
:1063680003F1040304D1043A032A18462146F0D85D
:10637800C2B105780C78A54204BF02F1FF320023B0
:1063880006D00CE010F8015F11F8014FA54206D1C4
:10639800934203F10103F5D1002070BC7047281B1C
:1063A80070BC70471046F8E78842F0B410D98C18D2
:1063B800A0420DD28518531E42B121462A4611F833
:1063C800014D013B02F8014D5C1CF8D1F0BC70474F
:1063D8000F2A44D940EA01039B0744D1A2F11007D0
:1063E8003F0900EB071610360C46034625681033A4
:1063F80043F8105C6568103443F80C5C54F8085C8A
:1064080043F8085C54F8045C43F8045CB342EDD1EB
:106418007B1C02F00F0C1B01BCF1030F1944034451
:1064280023D90E461D46644656F8047B043C032CCB
:1064380045F8047BF8D8ACF1040424F003040434D0
:1064480002F0030223442144002ABFD01A4411F861
:10645800014B03F8014B9342F9D1F0BC7047034656
:10646800002AF3D1B2E70346F0E76246002AEDD1ED
:10647800ACE700BFF0B4840743D0541E002A3ED0D6
:10648800CDB2034603E0621E002C38D0144603F850
:10649800015B9A07F7D1032C2AD9CDB245EA052525
:1064A8000F2C45EA054515D9A4F110073F0903F15A
:1064B800100606EB07161A46156055609560D560FC
:1064C8001032B242F8D104F00F040137032C03EB69
:1064D80007130DD91E462246043A032A46F8045BE0
:1064E800FAD8221F22F003020432134404F00304F2
:1064F8002CB1C9B21C4403F8011BA342FBD1F0BC68
:10650800704714460346C6E7704700BF704700BF90
:10651800F0B5044689B008460D4600F0C7FAA368EE
:106528004AF2F4229989C0F6000206928A045EBFF4
:106538005A6E41F4005122F400524FF0010E00F15E
:10654800010C58BF5A660590CDF81CE004AF58BF3F
:10655800998102262046194601AA0495CDF80CC057
:1065680001970296FFF7D0F900280CBF0A204FF0D8
:10657800FF3009B0F0BD00BF40F22053C2F2000363
:1065880001461868FFF7C4BF2DE9F04F0C4683B0E9
:1065980090468146002900F04481FFF7B5FF08F1D5
:1065A8000B06162E8CBF26F00706102254F804CCD2
:1065B8008DBFF30F164600233246464538BF43F0D9
:1065C80001032CF00305A4F10807002B40F02F81EC
:1065D800954216DBA0466046AB1B0F2B00F0010C62
:1065E80000F2C9804CEA05037B603D446B6843F0C8
:1065F80001036B604846FFF789FF404603B0BDE8DA
:10660800F08F40F2245AC2F2000ADAF80800791929
:10661800884200F01181D1F804E02EF0010B8B4480
:10662800DBF804B01BF0010F1CBF9E46714655D025
:106638001CF0010F40F0B08054F8083CC3EB070B86
:10664800DBF8043023F003032B44002954D08142A3
:1066580000F01E819E4496454EDBCB688A68D8467A
:10666800D3609A6058F8081FDBF80C302A1F242AD8
:10667800CB60996000F26781132A98BF434622D9FC
:1066880023681B2ACBF80830636898BF0834CBF816
:106698000C3098BF0BF1100315D9A368242ACBF846
:1066A8001030E36818BF1034CBF8143009BF2269E2
:1066B8000BF11803CBF81820626902BF0BF1200315
:1066C8001834CBF81C20226875461A6062685F4649
:1066D8005A60A2689A60DBF804007DE72EF0030E8A
:1066E8000EEB05039342A3DBCA688968A046CA601B
:1066F80060461D4691606FE793424DDBD84658F8D7
:10670800080FDBF80C102A1F242AC160886000F2E9
:10671800B280132A98BF424622D921681B2ACBF897
:106728000810616898BF0BF11002CBF80C1098BFE5
:10673800083415D9A168242ACBF81010E16818BFCD
:106748000BF11802CBF8141009BF21691034CBF8EB
:106758001810616902BF0BF120021834CBF81C1025
:1067680021681D46116061685F465160A3689360A7
:10677800DBF8040030E7B9194CEA060043F00102DF
:1067880078600B444A605A68083142F001025A6046
:106798004846FEF7EDFF2DE741464846FFF7D4FA95
:1067A800804600283FF426AF54F8043CA0F10801C5
:1067B80023F001023A44914200F0BD802A1F242AA6
:1067C80062D8132A9CBF034622461FD923681B2A76
:1067D8000360636898BF04F10802436098BF00F142
:1067E800080313D9A368242A8360E36818BF04F157
:1067F8001002C36009BF226900F1100302616169D8
:1068080002BF00F1180304F1180241611168196010
:106818005168596092689A6021464846FEF7A8FF79
:10682800E8E6114603B0BDE8F04FFFF78DBA0C2338
:10683800C9F800300020E1E6436806F1100123F0B2
:10684800030E0EEB05038B42B8BF0146FFF6F0AE10
:106858009B1B374443F00103CAF808707B6054F867
:10686800043C484603F001031E4344F8046CFFF758
:106878004DFE2046C2E6214640461D465F46FFF7CC
:1068880093FDDBF80400A7E62146FFF78DFDC3E77B
:106898000EEB030C06F110018C45FFF62DAF5F4699
:1068A80057F8081FDBF80C302A1F242ACB609960A0
:1068B80052D8132A98BF3B4622D923681B2ACBF803
:1068C8000830636898BF0834CBF80C3098BF0BF1D8
:1068D800100315D9A368242ACBF81030E36818BF31
:1068E8001034CBF8143009BF22690BF11803CBF828
:1068F8001820626902BF0BF120031834CBF81C2062
:1069080022681A6062685A60A2689A60C6EB0C0234
:106918000BEB060342F00102CAF808305A60DBF8B4
:106928000430484603F001031E43CBF80460FFF728
:10693800EDFD384662E650F8042CA04622F003022A
:106948001544184648E62146404675465F46FFF717
:106958002BFDDBF804003FE621463846CDF804C09D
:10696800FFF722FDDDF804C0D0E700BF38B541F2DB
:10697800B80400230546C2F200040846236003F069
:106988003DFA431C00D038BD2368002BFBD02B6098
:1069980038BD00BF1F2938B50C46054620D8D0F8A9
:1069A800DC229AB152F8213083B1012B0CD0591C4A
:1069B80006D00025204642F824509847284638BD7E
:1069C80016230360012038BD002038BD284600F09A
:1069D80029F8224601462846BDE8384000F00EB89E
:1069E800162303604FF0FF3038BD00BF40F220533C
:1069F800C2F2000301461868FFF7CCBF38B541F270
:106A0800B80400230546C2F2000408461146236074
:106A180003F0D6F9431C00D038BD2368002BFBD007
:106A28002B6038BD03F0BAB910B50C46B1F90E1099
:106A380003F004F80028ABBF236DA3891B1823F4C7
:106A48008053ACBF2365A38110BD00BF2DE9F04181
:106A58000C4689891D46CB051646074606D5B4F966
:106A68000E100022022302F04FFCA18921F480516C
:106A7800A1813846B4F90E1032462B46BDE8F041E4
:106A880001F014BB10B50C46B1F90E1002F03CFC35
:106A9800A389421C0EBF23F4805343F4805320651E
:106AA800A38110BDB1F90E1001F07ABB20F00301EB
:106AB80010F00300C0F1000051F8043B00F1040C91
:106AC8004FEACC0C6FF000021CBF22FA0CF2134301
:106AD8004FF0010C4CEA0C2C4CEA0C4CA3EB0C02CA
:106AE80022EA030212EACC1204BF51F8043B043034
:106AF800F4D013F0FF0F1FBF013013F47F4F0130A4
:106B080013F47F0F18BF0130704700BF2DE9F04F15
:106B1800C7B01C4689460A920E9002F0EFFB006847
:106B280012941890FFF7C2FF0E9D1B901DB1AB6B1E
:106B3800002B00F01E81B9F80C309AB290040AD4E8
:106B4800D9F8642043F4005322F40051A9F80C301A
:106B58009AB2C9F86410110740F1D280D9F8103000
:106B6800002B00F0CD8002F01A020A2A00F0D4802F
:106B78000DF1D705079536ADAC462995079D36AC7E
:106B88000894C5EB0C044AF2F82B1F944AF24835D6
:106B98004AF24C340023C0F60004C0F6000BC0F6DD
:106BA800000510932B932A931A931C9319931D9302
:106BB8001393159416956646CDF82C905F460A9C5B
:106BC8002378252B18BF002B00F0D780621C137880
:106BD8001446252B18BF002B02F10102F7D10A98A1
:106BE800251A0FD02A9B2B9A01332A44072B86E8B3
:106BF80021002B922A93D8BF083600F3A08013995E
:106C0800294413912378002B01F03A800023651C56
:106C180094F801904FF0FF341A468DF8873011939D
:106C280009930A950C942B460133A9F120015829A0
:106C380000F22484DFE811F0CB03220422041A04B2
:106C48002204220422042204220422047203C70319
:106C580022045D00500222048E02950295029502DC
:106C68009502950295029502950295022204220446
:106C780022042204220422042204220422042204DC
:106C88007002AD022204AD0222042204220422046E
:106C9800A60222042204EA02220422042204220474
:106CA80022040503220422041D03220422042204D0
:106CB800220422042204220422042204220444037B
:106CC8005A03AD02AD02AD02EB035A0322042204BB
:106CD800F203220406043F02D2037E032204850342
:106CE8002204A30022042204AD03119C12916442E1
:106CF8001194099D45F00405099593F8009093E7D0
:106D08000E98494601F0E8F9A0B9B9F80C2002F04C
:106D18001A020A2A7FF42CAFB9F90E30002BFFF6BD
:106D280027AF0E9849460A9A234601F081F947B0E1
:106D3800BDE8F08F4FF0FF3047B0BDE8F08F0E98F8
:106D48000B9929AA02F0F6FE48B936AE57E70E9815
:106D58000B9929AA02F0EEFE002800F08D81DDF8DB
:106D68002C90B9F80C305B06E4D4139847B0BDE812
:106D7800F08F2846FEF7E2FBDDE60A9C42E7099C15
:106D88000A93A30640F16682129DEB1D23F00703C8
:106D980003F108041294D3E9004501234FF0000AD7
:106DA8008DF887A00C9A002AA2BF099820F08000CD
:106DB800099054EA05010C980CBF00220122002812
:106DC80018BF42F00102002A00F0D883012B00F01E
:106DD800FB84022B0DF1D70240F05281DDF864C02C
:106DE800230904F00F0143EA057328091CF8011070
:106DF8001C46054654EA05009046117002F1FF3220
:106E0800EED1089BC8EB03030F930C9C0F9DA54282
:106E1800B8BF254600240D951794BAF1000F02D08B
:106E28000D9C01340D94099D15F0020B18BF0D9CA3
:106E3800099D1CBF02340D9415F08405149540F08B
:106E48002B83119D0D982C1A002C40F32583102CB0
:106E58004AF24C3A40F3968730461E972B992746BC
:106E68002A9AC0F6000A1025159E0E9C02E0103FD3
:106E7800102F17DD01321031072A066045602B916B
:106E88002A92D8BF0830F2DD20460B9929AA02F0D1
:106E980051FE00287FF463AF103F102F2B992A9AD8
:106EA80036A8E7DC3C461E9F064601322144072AE5
:106EB8002B912A92C6F800A0746000F393849DF881
:106EC80087A008360C46BAF1000F0ED02A9B013471
:106ED80001330DF187010122072B86E806002B9468
:106EE8002A93D8BF083600F3D982BBF1000F0DD022
:106EF8002A9B0234013322A90222072B86E80600C6
:106F08002B942A93D8BF083600F3FB83149B802B5D
:106F180000F047830C9D0F9BC3EB050ABAF1000FE5
:106F280044DDBAF1100F4AF2F825DCBFC0F60005BF
:106F38002A9B27DDC0F6000522462A9B54464FF0BF
:106F4800100BAA460E9D02E0103C102C17DD0133F1
:106F58001032072B86E880082B922A93D8BF083670
:106F6800F2DD28460B9929AA02F0E4FD00287FF4F7
:106F7800F6AE103C102C2B9A2A9B36AEE7DC554611
:106F8800A246144601335444072B86E820042B9468
:106F98002A93D8BF083609DD0E980B9929AA02F062
:106FA800C9FD00287FF4DBAE2B9C36AE099DEA05AF
:106FB80000F17F822A9B0F9D01332C44072B2B94D1
:106FC800C6F8008075602A9300F38B830836099D04
:106FD8006A0746D511980D99451A002D41DD102DE7
:106FE8004AF24C3ADCBFC0F6000A2A9B27DD099713
:106FF8002A9BC0F6000A4FF01008DDF83890DDF83B
:107008002CB0159F02E0103D102D17DD0133103410
:10701800072B86E880012B942A93D8BF0836F2DD27
:107028004846594629AA02F085FD002840F03784D1
:10703800103D102D2B9C2A9B36AEE7DC099F0133AF
:107048002C44072B2B942A93C6F800A0756008DD02
:107058000E980B9929AA02F06DFD00287FF47FAEE7
:107068002B9C139D0D9911988142ACBF6D182D185A
:107078001395002C7FF46BAE00232A9336AE9EE561
:10708800E30843EA4573E90804F007000D461C4687
:1070980054EA050100F130039046137002F1FF3203
:1070A800EED1099C4146E00700F1DE84089DC8EB5B
:1070B80005050F95A9E6099D0A9315F0200300F030
:1070C800AF80129CE31D23F0070303F10805129516
:1070D800D3E90045002361E693F80090581CB9F104
:1070E8002A0F00F07687A9F13001092982BF002410
:1070F80003460C943FF699AD002310F8019B03EB6F
:10710800830301EB4303A9F130010929F5D943EAC7
:10711800E3730C93034688E5099D8DF8872045F0B5
:1071280010050995099C0A93A20640F1E680129D74
:10713800E91D21F00701D1E9002308311291144615
:107148001D46002A73F10000C0F29A849DF887A0BA
:10715800012327E6099C44F08004099493F80090E1
:1071680062E50025A9F130011195284613F8019B25
:1071780000EB800001EB4000A9F130010929F5D9A5
:10718800119052E5099C44F00804099493F8009082
:107198004AE5099C0A9324078DF8872040F1018568
:1071A800129DEB1D23F0070303F108041D685B68BB
:1071B80012941A951C931C991A9802F055FC0128F0
:1071C8001C991A9840F0668400220023FCF7B4FA50
:1071D800002840F00B869DF887A003250D95099D92
:1071E800002425F080054AF20C384AF20833C0F62C
:1071F8000008C0F600030C94099503240025B9F192
:10720800470FD8BF98460F94179506E6099C0A932E
:1072180044F010040994099D15F020037FF451AF40
:10722800099C14F0100240F02383099C14F04003D9
:1072380000F01E831298134604880430002512902B
:10724800ACE5099D0A9345F010050995099CA3062C
:107258003FF59AAD099DED0600F11183099C64067E
:1072680040F10D8312980025048804300123129000
:1072780094E5099D4AF21834C0F60004A8060A935A
:107288008DF88720199440F19080129CE31D23F01B
:10729800070303F108051295D3E900450998C307C8
:1072A80040F13B8254EA050100F03782302340F078
:1072B80002008DF888308DF88990099002236DE5D9
:1072C8000A93129B129C1A680125002304349A46DB
:1072D8000D958DF8B02012948DF88730CDF830A038
:1072E800CDF85CA00F950DF1B0089CE5099C8DF8D0
:1072F8008720A2060A933FF51AAF099CE30600F11E
:10730800C682099C650640F1C2821298B0F9004015
:107318000430E51722462B46129012E7129C129D64
:107328002468291D002C1194FFF6DFAC129193F804
:10733800009079E4099C44F02004099493F80090A3
:1073480072E4129C0025D4F800800A938DF88750C7
:107358000434B8F1000F00F034850C98002840463A
:10736800C0F2028529460C9AFEF7A0FF002800F01B
:1073780080850C99C8EB00008842B8BF014612947A
:1073880021EAE1740F910C950D9417959DF887A04B
:1073980043E5099D4AF22C34C0F60004A8060A9376
:1073A8008DF8872019943FF570AF099CE10600F12C
:1073B8005982099C620640F155821298002504887A
:1073C800043012906AE793F800902B222CE493F88B
:1073D8000090002A7FF428AC202225E4099D0A9316
:1073E80045F00205129B0995129D4AF22C3004358E
:1073F8001C684FF078093023C0F6000012958DF80C
:10740800883000258DF8899019900223C6E4099DDB
:1074180045F04005099593F8009005E493F800902D
:107428001946B9F16C0F0BBF099C099D44F0200463
:1074380045F0100503BF0133099491F801900995AF
:10744800FFF7F2BB099D0A93A9068DF8872040F142
:10745800B483129C2168139CE5172B46129D224683
:1074680004351295C1E90023FFF7A9BB099D45F032
:107478000105099593F80090FFF7D6BB0A938DF89C
:107488008720B9F1000F00F0FB83002301259A46FD
:107498000D958DF8B0901FE72B9C14E50E980B996D
:1074A80029AA02F047FB00287FF459AC2B9C36AE82
:1074B8001BE5B9F1650F40F3C3801A981C990022A7
:1074C8000023FCF72FF9002800F02A812A9B169D3B
:1074D800013301340122072B356072602B942A9303
:1074E800D8BF083600F37483239B109DAB4203DB9F
:1074F800099DEB077FF56BAD1B9D2A9B2C44189DBE
:10750800013335601B9D072B75602B942A93D8BFD8
:10751800083600F3F883109D05F1FF38B8F1000F25
:107528007FF755ADB8F1100F4AF2F82540F33585CD
:107538002A9BC0F600054FF01009DDF838A0DDF8E9
:107548002CB005E0A8F11008B8F1100F40F3C08086
:1075580001331034072B86E880022B942A93D8BF76
:107568000836EFDD5046594629AA02F0E3FA00280A
:1075780040F095812B9C2A9B36AEE3E7002B40F028
:10758800BB80099CE1075CBF0F930DF1D8087FF51C
:107598003CAC1F9D30238DF8D7300F950DF1D708DF
:1075A80033E4119D0D98C0EB050ABAF1000F7FF77F
:1075B800B1ACBAF1100F4AF2F825DCBFC0F60005ED
:1075C8002A9B27DDC0F6000522462A9B54464FF029
:1075D800100BAA460E9D02E0103C102C17DD01335B
:1075E8001032072B86E880082B922A93D8BF0836DA
:1075F800F2DD28460B9929AA02F09CFA00287FF4AC
:10760800AEAB103C102C2B9A2A9B36AEE7DC5546C5
:10761800A246144601335444072B86E820042B94D1
:107628002A93D8BF08367FF775AC0E980B9929AA0C
:1076380002F080FA00287FF492AB2B9C36AE69E406
:10764800109D012D40F3B1812A9B621C0133012159
:10765800072BC6F8008071602B922A93D8BF083692
:1076680000F3CE811B9C189D224435605C1C1B9D39
:10767800072C2B922A94756000F3CE810836914628
:107688001A981C9900220023FCF74CF8109D00283A
:1076980040F0B6806B1E013408F1010103EB0902CA
:1076A800072C31602A942B92736000F39C81083672
:1076B80091461D9A631C1D9C4A4425A9072B2B92B1
:1076C8002A9386E812000CDC083614467FE4144638
:1076D80001334444072B2B942A9386E820017FF733
:1076E80075AC0E980B9929AA02F024FA00287FF4A9
:1076F80036AB2B9C36AE6AE40F920DF1D808FFF733
:1077080084BB0E980B9929AA02F014FA00287FF47A
:1077180026AB2B9C36AEFFF7F9BB0223FFF73EBB27
:10772800239B002B40F35F82109D1798DDF840B033
:107738008542A8BF0546002DC3440CDD2A9B2C4476
:107748000133072BC6F8008075602B942A93D8BFA5
:10775800083600F31D83179925EAE575C5EB01097D
:10776800B9F1000F40F3B480B9F1100F4AF2F825CF
:10777800DCBFC0F600052A9B40F39680C0F60005E2
:1077880022460C952A9B4FF0100A0E9C0B9D05E093
:10779800A9F11009B9F1100F40F3848001331032B8
:1077A800072B86E880042B922A93D8BF0836EFDD92
:1077B8002046294629AA02F0BDF9002840F06D822A
:1077C8002B9A2A9B36AEE3E7002D08BF0A2C80F0DF
:1077D80030811F9D30348DF8D7400F950DF1D708B3
:1077E800FFF713BB0E980B9929AA02F0A3F90028FA
:1077F8007FF4B5AA9DF887A02B9C36AEFFF763BB34
:1078080005F1FF38B8F1000F7FF753AF4AF2F825BA
:10781800B8F1100FC0F6000540F3DC804B464FF07E
:10782800100AA946DDF838B00B9D05E0A8F110084C
:10783800B8F1100F40F3CC8001341033072C86E8E0
:1078480080042B932A94D8BF0836EFDD5846294682
:1078580029AA02F06FF9002840F01F822B9B2A9C6E
:1078680036AEE3E7129D2C6804351295002515E520
:10787800129D2C68043512950025FFF78FBA129DCA
:1078880001232C68043512950025FFF787BA129D4D
:107898002C6804351295E51722462B4651E4D94643
:1078A800FFF75FBA0C9D144601334C44072B86E85A
:1078B80020022B942A93D8BF083609DD0E980B991D
:1078C80029AA02F037F900287FF449AA2B9C36AE82
:1078D800179D239BA844109DAB424CDB099DE807EC
:1078E80049D41098C8EB0B05C31AAB42B8BF1D4664
:1078F800002D0CDD2A9A2C440132072AC6F8008094
:1079080075602B942A92D8BF083600F34C8225EA7A
:10791800E575C5EB0308B8F1000F7FF758ABB8F170
:10792800100F4AF2F82540F338832A9BC0F6000569
:107938004FF010092246DDF838A0DDF82CB005E03C
:10794800A8F11008B8F1100F7FF7C1AE013310325B
:10795800072B86E880022B922A93D8BF0836EFDDE2
:107968005046594629AA02F0E5F8002897D12B9AE3
:107978002A9B36AEE4E71B9D2A9A2C44189D0132B7
:1079880035601B9D072A75602B942A92D8BF08364C
:10799800A7DD0E980B9929AA02F0CCF800287FF4ED
:1079A800DEA9239B2B9C36AE9BE7099DE9073FF593
:1079B8004BAE2A9A631C541C072C4FF001022B93E0
:1079C800C6F800802A9472600DDC0836994670E685
:1079D8004D469946013408EB0903072C2B932A944A
:1079E80086E82001F1DD0E980B9929AA02F0A2F889
:1079F80000287FF4B4A9DDF8AC902A9C36AE58E68E
:107A08000E980B9929AA02F095F800287FF4A7A9E7
:107A18002B9A2A9B36AE25E60E980B9929AA02F0D6
:107A280089F800287FF49BA9DDF8AC902A9C36AE33
:107A380026E60DF1D70B204629460A220023FBF73C
:107A4800CBFE30328BF80020204629460A2200233C
:107A5800FBF7C2FE04460D4654EA0500D8460BF172
:107A6800FF3BE8D1FFF7CDB9302B3FF4CAA9089CFA
:107A78003023A41A90460F9401F8013CFFF7C5B9CA
:107A88004FF02D0A644265EB45058DF887A0012368
:107A9800FFF788B901F0E8FF002800F00F810C9C7F
:107AA80029F02005013404BF06240C9406D0472D84
:107AB80004D10C9C002C08BF01240C941C9B099C2D
:107AC800002B44F480741494BDBF1C4604F1004A92
:107AD8004FF02D0BDDF870A0A8BF4FF0000BB5F1EB
:107AE8004600D0F1000C5CEB000CBCF1000F40F03C
:107AF8008E81452D40F0FF810C9823A9441C02205B
:107B08008DE81100029124A827A903901A9A5346D8
:107B180004910E9800F0F0FB8046044400231A9864
:107B280051460022FBF7FEFD234648B9279B9C429D
:107B380006D930215A1C27921970279B9C42F9D8E4
:107B4800C8EB0303472D109300F08B81B9F1650F43
:107B580040F36982B9F1660F00F0DD81239D179526
:107B6800179C109DAC42C0F2C881099C4FF0670970
:107B7800E00749BF179B179D01330F935ABF25EAAA
:107B8800E5730F9523EAE373BBF1000F40F03481EE
:107B9800149C0D930994CDF830B09DF887A0FFF799
:107BA8003CB9129CE31D23F007031D685C68083389
:107BB8001A951C941293FFF7FEBA099CE2066FD53A
:107BC800129D139C2B68043512951C60FEF7F7BFB5
:107BD8000E980B9929AA01F0ADFF00287FF4BFA8E1
:107BE8002B9C36AE80E42A9A169D0132013401217D
:107BF800072A2B9435602A92716078DC083618467B
:107C080028B9109D1DB9099DED077FF5E0A92A9BAC
:107C18001B99013321441B9D189C072B2B91346021
:107C280075602A93D8BF06F1080200F357814442D1
:107C3800002C40F389804AF2F825102CC0F6000584
:107C48006DDD1026DDF83890DDF82CA002E0103C40
:107C5800102C64DD01331031072B176056602B910F
:107C68002A93D8BF0832F2DD4846514629AA01F0C6
:107C780061FF002840F05E812B992A9B36AAE6E72F
:107C88002B9BDDF82C90002B3FF46BA80E984946EF
:107C980029AA01F04FFFFFF764B8A946FFF761B8BA
:107CA800129C099D236815F0400F139D04F10404EC
:107CB800129414BF1D801D60FEF781BF099D4AF212
:107CC80014384AF210330324C0F60008C0F6000343
:107CD80025F080050C900D940995B9F1470FD8BF90
:107CE800984617900F949DF887A0FFF796B80E98BE
:107CF8000B9929AA01F01EFF00287FF430A82398C9
:107D08002B9C36AE7CE70E980B9929AA01F012FF3E
:107D180000287FF424A82B9C36AEFFF7FCBB013368
:107D28002144072B156054602B912A93D8BF083241
:107D38000ADD0E980B9929AA01F0FCFE00287FF4B1
:107D48000EA82B992A9B36AA109C01332144072B95
:107D58002B912A93C2F8008054603FF7C2AC02F11D
:107D680008060C46FFF733B90C95FEF79FFE1294F0
:107D78000C9C20EAE0750F900D9517949DF887A04C
:107D8800FFF74BB8C0F6000A2B992A9AFFF78DB86F
:107D98000E980B9929AA01F0CDFE00287EF4DFAFDA
:107DA8002B9C36AED7E40E980B9929AA01F0C2FE97
:107DB80000287EF4D4AF239B10992B9CCB1A36AEA7
:107DC800A5E50C9DC246062D28BF06250F954AF24B
:107DD800403825EAE5751294CDF830A05446CDF820
:107DE8005CA00D95C0F60008FFF717B84FF02D0AF4
:107DF8008DF887A0FFF7F1B9149D4FF02D0A0024E4
:107E08000D9309958DF887A00C94FFF709B8032105
:107E180023A80C9C0091029024A927A804901A9AE0
:107E28005346019403910E98CDF818C000F064FAF7
:107E3800472D8046DDF818C002D1099CE1070DD511
:107E48000C9C4444BCF1000F3FF468AE98F8003035
:107E5800302B00F0AF80239B1C445FE6279B1B1A46
:107E68001093239BDA1C11DB0C9C9C420EDB1793AE
:107E780076E60C9D129425EAE5750D950C9D1790F4
:107E88000F950C909DF887A0FEF7C7BFA9F10209CE
:107E9800013B002B2393BABF5B422D222B22092BD7
:107EA8008DF894908DF8952047DC303330228DF88A
:107EB80097308DF8962026AB25AA109C109D9A1A0B
:107EC8001444012D1D920F9440F3A3800F9B0024AE
:107ED80001330F93179423EAE37355E60E980B9931
:107EE80029AA01F027FE00287EF439AF23982B99A0
:107EF8002A9B36AA9BE602218AE7179C109D002C34
:107F0800D4BFC4F1020301231D440F9525EAE5738C
:107F18004FF0670938E6239C002C17946ADD0C9D06
:107F2800002D3FD1099CE5073CD4179D25EAE57350
:107F38000F9529E6D146FEF714BF46F26760C6F2F0
:107F480066600DF1A20180FB0354DA17C2EBA402AC
:107F580002EB8204A3EB4403092A0C4603F1300127
:107F68002170134604F1FF31EDDC02F130030DF10D
:107F7800A300DAB2884204F8012C56D90DF1950114
:107F8800234601E013F8012B834201F8012FF9D1B0
:107F980046A8C4EB4003F63B8EE7C0F600052A9BD3
:107FA800FFF796BB0C9C179D631C1D440F9525EA93
:107FB800E573E9E51A98514600220023FBF7B2FB66
:107FC80000287FF448AF0C98C0F1010323931C44A8
:107FD800A4E5129D129C2D68211D002D0C95B8BF9B
:107FE8004FF0FF3593F8019012910346B8BF0C95F6
:107FF800FEF71ABE0C9C34B9099DEC075CBF01233F
:108008000F937FF5C1AD0C9B02330F9323EAE37303
:10801800BAE5099C14F001037FF458AF0F9D17933C
:1080280025EAE573B0E5239B32E70DF1960343E7B4
:108038002DE9F0474F6EADF58D6D88461997D8F844
:108048001C70B1F80CA0B1F80E900797D8F82470FE
:108058001AAC4FF480652AF0020A0026694600949B
:10806800049402950595ADF80CA0ADF80E9009970B
:1080780006960546FEF74AFD041E07DB28466946B4
:10808800FDF72CFAB04218BF4FF0FF34BDF80C30A2
:1080980020465D0642BFB8F80C3043F04003A8F80C
:1080A8000C300DF58D6DBDE8F08700BF70B541F25D
:1080B800B8040646C2F200040846002511461A46CE
:1080C8002560F8F7A3FC431C00D070BD2368002B83
:1080D800FBD0336070BD00BF38B540F22053C2F208
:1080E80000031B6805460C4613B19A6B002A36D06C
:1080F800A28993B218070CD52169A9B113F001021E
:108108001ED0636900225B42A361A260F1B1002026
:1081180038BDD9063CD55B0725D4216942F0080350
:10812800A3819BB20029E9D103F42072B2F5007F44
:10813800E4D02146284601F0FDF8A3892169DDE74E
:10814800980758BF6269A2600029E0D1A3891A067E
:10815800DDD543F04003A3814FF0FF3038BD18460A
:10816800FDF7ECF9C4E7216B49B104F140039942EA
:1081780003D02846FDF7FCFAA2890023236322F0E6
:108188002402216912040023120C84E80A00C5E7BE
:1081980042F0400209232B604FF0FF30A28138BD26
:1081A80038B541F2B80400230546C2F20004084677
:1081B800236001F0DFFD431C00D038BD2368002B8D
:1081C800FBD02B6038BD00BF2DE9F04F03690D6966
:1081D80083469D4283B0C8BF002000F38980013DDB
:1081E80001F114040BF1140A54F825205AF825302B
:1081F8000132B3FBF2F8AA00914600925244A1441E
:108208000192B8F1000F3ED0002630462246534670
:108218008C4652F8047B19681FFA87FE3F0C0EFB48
:10822800086E07FB08F606EB1E461FFA8EFECEEB1D
:10823800000E8FB2B0B27744C0EB114000EB27407C
:10824800BFB247EA0047914543F8047B4FEA204014
:108258004FEA1646DDD2009A61465AF8023093B9C1
:10826800019A131F9A450CD252F8043C4BB9A2F15B
:10827800080302E01A68043B1AB99A4505F1FF356C
:10828800F8D3CBF81050584601F0EEFA00282EDB50
:1082980008F101085346002254F8046B1868B1B27B
:1082A800511A87B2360C3944C6EB104000EB214214
:1082B80089B241EA0241A14543F8041B4FEA224230
:1082C800EAD25AF825200AEB850382B91A1F92458B
:1082D8000BD253F8042C42B9083B02E01A68043B5D
:1082E8001AB99A4505F1FF35F8D3CBF81050404636
:1082F80003B0BDE8F08F00BF2DE9F04F016C9DB0D1
:10830800044692469B46299D41B1436C01229A40FE
:108318004B608A6001F0A6F800232364BBF1000FCC
:10832800B5BF012300232B602B604FF00003B4BFBF
:108338002BF00049D946C7F6F0734FF0000209EA5E
:108348000303C7F6F072B8BFCB46934214D0504629
:10835800594600220023FBF7E5F9804628B3289DFB
:1083680001232B602A9D002D00F0E080AC48286096
:1083780001381DB0BDE8F08F289D42F20F734AF214
:1083880068302B60C0F60000BAF1000F00F0AE8034
:108398002A9D002DEDD0C378002B40F0B680C31C79
:1083A8002A9D2B601DB0BDE8F08F1BAA1AAB8DE883
:1083B8000C00204652465B4601F0E2FA5FEA195586
:1083C8000D9040F0A5801A9F1B9D6FF482633D4479
:1083D8009D42C0F265824FF60E43CFF6FF735B1BDA
:1083E80005F2124209FA03F32AFA02F243EA0200FA
:1083F800FAF7BAFE0122013DB846A1F1F8711792C9
:1084080000230022C3F6F873FAF770FD7EA3D3E9C0
:108418000023FAF71FFF7EA3D3E90023FAF768FDCC
:10842800064628460F46FAF7AFFE7BA3D3E900239A
:10843800FAF710FF02460B4630463946FAF758FD60
:1084480006460F46FBF7A0F939460790002230464A
:108458000023FBF771F9002840F0088207981628D6
:1084680084BF0123169313D84AF27833C0F6000369
:1084780003EBC003D3E9000152465B46FBF77AF9E8
:10848800002800F0158207990022013907911692F9
:10849800C5EB0805013D0A9545BF6D420C950025C1
:1084A80000254CBF0A950C95079D002DC0F2EC8164
:1084B800DDF828E01195AE440025CDF828E00E95AA
:1084C800269D092D37D8052DC4BF043D269526982D
:1084D800C8BF0025A0F10203D8BF0125032B2CD863
:1084E800DFE813F049031602580373054AF25C32B9
:1084F8004AF26833C9F31300C0F60002C0F600035D
:1085080000280CBF1046184642E700F1080347E769
:10851800CBF3130343F07F53CDF85C805046A5F2AC
:10852800FF3543F44011DDF8688069E74AF24830C6
:10853800C0F600001DE7002526950025656429463C
:10854800204600F069FF4FF0FF3E2795012509906E
:10855800CDF840E02064CDF82CE00F951B9B002B54
:10856800C0F2BD80079D0E2D00F3B9804AF2783322
:10857800C0F60003DDF89CE003EBC5030B9D4FEA52
:10858800DE72002DCCBF002202F00102D3E9000107
:10859800CDE90401002A40F05484DDE90423504663
:1085A8005946FAF781FFFBF7EFF88046FAF7ECFD3A
:1085B800DDE90423FAF74EFE0B46024659465046BB
:1085C800FAF794FC099D08F130032B700B9B0646C3
:1085D800012B0F4605F1010554D000230022C4F2F7
:1085E8002403FAF737FE0022002306460F46FBF75E
:1085F80099F8DDF82490002840F001850B9DA944E6
:10860800099D05F1020A18E061436F63A787D23F0D
:10861800B3C8608B288AC63FFB799F501344D33F69
:1086280049A30008FAF716FE0022002306460F4663
:10863800FBF778F8002840F0E084DDE904233046B1
:108648003946FAF731FFFBF79FF88046FAF79CFDA9
:10865800DDE90423FAF7FEFD02460B4630463946AB
:10866800FAF744FC08F130050023CA450AF8015C12
:10867800064655460F464FF00002C4F224030AF19D
:10868800010ACFD132463B4630463946FAF730FC2C
:1086980006460F463246DDE904013B46FBF74CF837
:1086A800002800F079850798DDF82490189015F8CF
:1086B800018C09952A4605E0994500F0D28413F803
:1086C800018C1A46B8F1390F02F1FF33F4D0099240
:1086D800189D08F10102D2B207951A70B0E00F9DFB
:1086E800002D40F0E7800E9E0C9DDDF83C800A9836
:1086F8000028C8BF002D09DD03460C99AB42A8BF6E
:108708002B46C91AC01A0C91ED1A0A900E9A002A23
:108718001CDD0F9B002B00F06884002E10DD414605
:108728003246204600F0F2FF804641460D9A204628
:1087380000F042FF0D990746204600F093FE0D9782
:10874800DDF838E0BEEB060240F0968420460121B1
:1087580000F028FF06461198002805DD314620461E
:10876800119A00F0D3FF06462699012940F37F832A
:1087780000271198002840F03A8301200A9B0344FF
:1087880013F01F0300F08882C3F12002042A40F38B
:108798005A850C990A9AC3F11C0319441A440C917E
:1087A8001D440A920C99002905DD0D990C9A204662
:1087B80000F0FCFF0D900A9A002A04DD314620469D
:1087C80000F0F4FF0646169B002B40F0198326980C
:1087D8000B990228D4BF002301230029C8BF002316
:1087E800002B00F00F820B9D002D40F004823146D3
:1087F8002B460522204600F03FFE064631460D98DE
:1088080001F032F8002840F3F681079D3123013545
:108818000795099DA94609F101002B7009900025CB
:108828003146204600F01EFEB8F1000F08D045453D
:1088380018BF002D40F040824146204600F012FE4D
:1088480020460D9900F00EFE079D00226B1C099D25
:1088580048462A70289D2B602A9D002D3FF489AD3B
:108868000998286048461DB0BDE8F08F0798FAF7C8
:108878008BFC32463B46FAF755FF00287FF4EEADF5
:10888800079B013B0793E9E50C9DDDF81CE0CEEB67
:1088980005050C95CEF100050E95002511950FE6FE
:1088A8004FF6EE30CFF6FF70401B0AFA00F09FE556
:1088B8001690EDE5269D012D40F310840B9D6E1E4C
:1088C8000E9DB542B7BF0E9DC6EB0506C5EB060368
:1088D800119DBEBF0E96ED1811950B9DB8BF0026D1
:1088E800002DB3BFDDF830E00C9D0B9BC5EB0E05EA
:1088F800B8BF00230C9ADDF828E01A449E442046AD
:1089080001210C92CDF828E000F04CFE8046EEE6FE
:1089180000220F92279BDDF81CE07344581C0028A6
:1089280010930B9040F354830B990E298CBF0025AC
:1089380005F001050E460021172E61640AD90122AF
:1089480004235B0003F11400B042114602F1010256
:10895800F7D96164204600F05FFD09902064002D7E
:108968003FF4FCAD079DCDE914AB002D40F3AD817C
:108978004AF2783305F00F02C0F6000303EBC20396
:108988002D11D3E90067EB0640F191814AF240438B
:10899800C0F6000350465946D3E90823FAF784FD88
:1089A80005F00F0582468B464FF003089DB14AF249
:1089B8004049C0F6000930463946EF0705D5D9E9E0
:1089C800002308F10108FAF745FC6D1009F10809C0
:1089D800F3D106460F4632463B4650465946FAF70B
:1089E80063FD06460F46169D55B1002330463946AD
:1089F8000022C3F6F073FAF79FFE002840F00683C2
:108A08004046FAF7C1FB32463B46FAF723FC0023FF
:108A18000022C4F21C03FAF76BFA0B9D8046A1F101
:108A28005079002D00F0CB80079DDDF82CC01895FB
:108A38000F9D4AF27833C0F60003002D00F07481D0
:108A480003EBCC03002153E902230020C3F6E071B5
:108A5800CDF80CC0FAF728FD42464B46FAF746FA1D
:108A680082468B4630463946FAF78EFE0546FAF7B7
:108A78008BFB02460B4630463946FAF737FA303553
:108A88005FFA85F8099D06460F4685F8008050462E
:108A98000135594632463B460495FAF76BFE0028E5
:108AA80062D1002132463B460020C3F6F071FAF746
:108AB8001DFA02460B4650465946FAF75BFEDDF8AA
:108AC8000CC0002840F01583BCF1010F40F3FA8078
:108AD800DDF824901994E144CDF84890DDF8109021
:108AE80010E000210020C3F6F071FAF7FFF95246B2
:108AF8005B46FAF721FE002840F0F882129DA9454E
:108B080000F0DF800023504659460022C4F22403B7
:108B1800FAF7A0FB00230022C4F2240382468B4606
:108B280030463946FAF796FB0D460446FAF72CFE0E
:108B38008046FAF729FB02460B4620462946FAF7F3
:108B4800D5F908F130085FFA88F852465B4609F80B
:108B5800018B06460F46FAF7EFFD32463B460028E2
:108B6800BFD0199CCDF81090189DDDF8249007957A
:108B7800049D099564E600200F902799002940F389
:108B88002F820E298CBF002505F001050E46109195
:108B98000B91D0E601220F92EFE74046FAF7F4FA7C
:108BA80002460B4630463946FAF754FB00230022AA
:108BB800C4F21C03FAF79CF98046A1F1507900230E
:108BC80030460022C4F214033946FAF78FF94246B8
:108BD8004B4682468B46FAF7CDFD0646002840F004
:108BE8000381424609F1004350465946FAF7A4FD6D
:108BF800002867D0B046279DDDF82490ED430795FF
:108C080000250DE60F99002940F05E810025DDF86A
:108C18002CA0DDF83490DDF824B006E04946204663
:108C28000A22002300F028FC814648463146FFF717
:108C3800CBFA30300BF8050001355545EEDB0B9DBE
:108C4800DDF824B00746012DACBFAB440BF1010B96
:108C5800CDF8349000250D990122204600F0A6FD9C
:108C680031460D9000F000FE002840F36D821BF89D
:108C7800012C099905E0994200F0228213F8012C91
:108C88009B46392A0BF1FF33F5D00132DDF82490E9
:108C98001A70CDF824B0C3E51C23DDF830E00A983B
:108CA8009E441844CDF830E01D440A907AE5DDE989
:108CB80014AB4FF0020879E62946204600F0D2FBB3
:108CC800BAE5199CDDE914AB48E4DDF81CE0CEF107
:108CD8000005002D00F095814AF2783305F00F0267
:108CE800C0F6000303EBC203D3E90023DDE9140156
:108CF800FAF7B0FA2D1106460F4600F096824AF2AE
:108D08004049C0F600094FF00208EE0705D5D9E939
:108D1800002308F10108FAF79DFA6D1009F1080916
:108D2800F3D106460F465EE60CF1FF3B03EBCB01A1
:108D380042464B46D1E90001CDF80CC0FAF78AFA51
:108D4800CDE9120139463046FAF71EFD0546FAF715
:108D58001BFA02460B4630463946FAF7C7F8DDF8E3
:108D680024E030358EF80050DDF80CC00646BCF122
:108D7800010F0F460EF1010A1FD0099D05F1FF39B9
:108D8800E14400230022C4F22403FAF763FA0F46F1
:108D98000646FAF7F9FC8046FAF7F6F908F13008C2
:108DA80002460B4630463946FAF7A0F805F8018F17
:108DB8004D45E6D106460F46DA4400230022C3F6A5
:108DC800E073DDE91201FAF793F832463B46FAF709
:108DD800B3FC002800F05781DDF824901AF8018CC4
:108DE800CDF824A052466DE40026B0460DE533695F
:108DF80006EB8303186900F089FBC0F12000BDE48D
:108E08000D98314600F030FD0028BFF6E0ACDDF8E3
:108E18001CE00D990EF1FF3E20460A220023CDF8F2
:108E28001CE000F029FB0D900F98002838D1109D08
:108E3800002D03DC269D022D00F30182109D0B9569
:108E4800E4E60B9D002D40F08F8100230022C4F240
:108E58001403DDE90401FAF7FDF952465B46FAF717
:108E68007FFC0B9EB04600287FF4C5AECDE4BAF176
:108E7800000F7FF47DACCBF313035746002B7FF430
:108E880078AC2BF000473F0D3F05002F3FF471AC45
:108E98000C9A0A9B013201330C920A93012768E469
:108EA800002341460A22204600F0E6FA109A269945
:108EB800002ACCBF002301230229D8BF0023804603
:108EC800002B40F0BC810B92002D05DD41462A465F
:108ED800204600F06BFC8046C446002F40F04681D7
:108EE8000B9DDDF824E00998AE440AF001050B95C6
:108EF8003746CDF830E0451CE1460D9E0AE000F00B
:108F0800BBFA494680460A222046002300F0B4FAFC
:108F18008146013539463046FFF756F941468246C3
:108F2800304600F0A1FC39464A468346204600F008
:108F3800BDFCC2680AF1300105F1FF3E0346089105
:108F4800CDF828E0002A3ED119463046039300F0B8
:108F58008BFC039B024620461946039200F082FAD6
:108F6800039A2698104303D10B99002900F05381E6
:108F7800BBF1000FC0F2C48026995BEA010103D15E
:108F88000B9B002B00F0BC80002A00F323810C9B74
:108F9800089A9D4205F8012CAB4600F02D81314618
:108FA8000A220023204600F067FAC84506464146D3
:108FB80020464FF00A024FF00003A0D100F05CFAFF
:108FC80080468146A5E70122C5E701230F93A1E466
:108FD8000E288CBF0023012300211D406164B9E4E1
:108FE8000123279310930B93F6E70D990E9A2046C9
:108FF80000F08CFB0D90FFF7A9BBDDF824900995D4
:109008001EE4DDE914674FF00208ECE40B9D002D27
:109018003FF4C3AD109D002D7FF754AE002300220E
:10902800C4F2240330463946FAF714F9064608F123
:1090380001000F46FAF7A8F802460B4630463946B3
:10904800FAF708F900230022C4F21C03F9F750FFCD
:10905800079D8046013DA1F150791895DDF840C083
:10906800E6E4189D0992302289F800200135312262
:1090780007951A70FFF7E4BB0D99204600F046FBF0
:109088000D90FFF763BB0021DDE912230020C3F632
:10909800E071F9F72BFF32463B46FAF76BFB0028E5
:1090A8003FF410AE1AF8012C5346302A0AF1FF3A61
:1090B800F8D0189DDDF8249007950993FFF7C0BBF9
:1090C800DDF81CE0099831230EF1010ECDF81CE003
:1090D80003708146CDF824B0FFF7A2BB179D002D81
:1090E80071D003F233430E9E0C9D03E4199CCDF816
:1090F8001090049DDDF824902A460995FFF7E2BAFE
:10910800002A0D96CC463E46089F13DD0D99012294
:109118002046CDF80C9000F049FB31460D9000F048
:10912800A3FB0028DDF80CC040F38380392F69D0F9
:109138000AF131070A9BDDF82490581C45461F7038
:10914800E0460990FFF76CBB02D1FB073FF58FADF6
:109158001BF8012C5B46302A0BF1FF3BF8D0DDF8F9
:1091680024900993FFF75CBB002643E5D8F8041068
:10917800204600F051F9D8F8103005469A1C9200A4
:1091880008F10C010C30F9F719FD20462946012297
:1091980000F00CFB8446A3E6DDE9040132463B46B9
:1091A800FAF7C0FA00283FF428AF18F0010FDDF8ED
:1091B80024903FF424AF079915F8018C189109956C
:1091C8002A46FFF77FBA1A9B0E9EC3F136030C9D01
:1091D800FFF790BB0D963E46089FCC46392F11D01D
:1091E8000A980A9D013701302F70DDF82490454612
:1091F8000990E046FFF714BB0D9645463E46C84623
:10920800089F28E50A9B392245461A70E04603F173
:10921800010B099935E50D963E46089FCC46392F36
:10922800F0D0BBF1000F83DC84E74FF00208FFF7B2
:10923800DABB7FF47FAFFA077FF57CAF76E7109D46
:109248000B95FFF7D0BA3FF4ADAAC3F13C0324E570
:1092580070B50C46054631B110B1836B002B30D088
:10926800B4F90C300BB9002070BD28462146FCF734
:1092780035F9E36A06463BB12846E169984736EA7C
:10928800200628BF4FF0FF36A3891B061CD4216B8C
:1092980041B104F14003994202D02846FCF768FA2C
:1092A80000232363616C21B12846FCF761FA00238F
:1092B8006364FCF7BFF90023A381FCF7BDF93046CE
:1092C80070BDFCF73BF9CBE728462169FCF750FA5B
:1092D800DDE700BF40F22053C2F2000301461868E0
:1092E800FFF7B6BF40F66C10C2F20000704700BF2F
:1092F80040F68C13C2F200031868704740F6341029
:10930800C2F20000704700BF70B541F2B8040646CB
:10931800C2F200040846002511461A46256000F0EE
:1093280059FD431C00D070BD2368002BFBD033606F
:1093380070BD00BFF0B58B8991B09AB296070C4604
:1093480005463AD4B1F90E10002917DB01AA00F03E
:109358005DFC002810DB029B03F47043B3F5005159
:109368004F424F41B3F5004F2FD0A3894FF4806689
:1093780043F40063A3810BE0A3899AB212F0800F33
:1093880043F40063A38114BF40264FF4806600278E
:1093980028463146FCF7D8FC002830D0A28945F28F
:1093A8003953C0F6000342F08002EB63206020616D
:1093B8006661A281BFB911B0F0BD01F1430301227A
:1093C8000B600B614A6111B0F0BD46F68D23A26AAD
:1093D800C0F600039A42C8D1A3894FF4806633438C
:1093E800A381E664D4E72846B4F90E1000F022FC05
:1093F8000028E0D0A38943F00103A381DBE7A38918
:109408009A05D8D404F1430243F002030121A38151
:10941800226022616161CEE7C26C70B505460C46D8
:109428004AB152F8240080B1016842F824100022A1
:109438000261C26070BD21220421FBF773FFE8645A
:1094480002460028EDD1002070BD012101FA04F682
:10945800721D28469200FBF765FF0028F3D0446090
:109468008660E4E731B1C36C4A6853F822000860AB
:1094780043F82210704700BF2DE9F0430F6983B00D
:109488008846814601F1140500242E680134B1B2E2
:10949800360C02FB013302FB06F699B206EB1343C6
:1094A80001EB0341A74245F8041B4FEA1343ECDCE8
:1094B8004BB1D8F80820974209DA08EB8702013740
:1094C8005361C8F81070404603B0BDE8F083D8F87F
:1094D8000410484601310193FFF79EFFD8F8102089
:1094E80008F10C010232044692000C30F9F766FBD1
:1094F800D9F84C20D8F80410019B52F82100C8F87C
:10950800000042F82180A046D7E700BF030C06BF41
:1095180000041023002310F07F4F04BF000208331B
:1095280010F0704F04BF0001043310F0404F04BF27
:1095380080000233002805DB420001D42020704758
:10954800581C704718467047036813F007020BD081
:10955800D90724D49A074BBF5B089B0803600360B4
:109568004CBF01200220704799B209B91B0C102288
:1095780013F0FF0F04BF1B0A0832190704BF1B09A9
:109588000432990704BF9B080232D90704D45B0848
:1095980001D1202070470132036010467047002037
:1095A800704700BF10B50C460121FFF735FF0122B7
:1095B8004461026110BD00BF2DE9F04F0C691769C5
:1095C80085B0BC428846914604DA2246C8463C46E5
:1095D80089461746D8F80830E619D8F804109E428C
:1095E800C8BF0131FFF718FF00F1140505EB860C21
:1095F800654501903CBF2B46002003D243F8040B7D
:109608009C45FBD809F1140909EB8703994508F132
:10961800140838BFCDF808C0CDF8008008EB8404E2
:109628003EBF4F469C4603965CD257F8043B1FFA50
:1096380083F8B8F1000F24D0009A2B464FF00009A8
:1096480000E00B4652F8046B19681FFA86FB1FFAF4
:1096580081FA300C090C08FB0BAA08FB0010D14456
:1096680000EB19401FFA89F949EA00461946944265
:109678004FEA104941F8046BE3D8C3F8049057F84F
:10968800043C5FEA134926D0D5F800A04FF0000B40
:10969800009B29465E46504600E01146B3F800B0EC
:1096A800000C09FB0B0B1FFA8AF0B34440EA0B408D
:1096B8000A4642F8040B53F804AB48684FEA1A4AC2
:1096C80086B209FB0A6A9C420AEB1B4A4FEA1A4611
:1096D800E3D8C1F804A0BC4505F10405A5D8DDF818
:1096E80008C0039E002E0ADD5CF8043CACF1040CB3
:1096F8001BB104E05CF8043D0BB9013EFAD1019AB4
:109708001046166105B0BDE8F08F00BF12F00303E4
:109718002DE9F041144607460E462CD1A4101CD062
:10972800BD6C002D33D04FF0000804E0641014D055
:109738002868A8B10546E007F8D5384631462A46D4
:10974800FFF73AFFAEB17268FB6C641053F8221051
:10975800316043F822600646EAD13046BDE8F08120
:10976800384629462A46FFF727FF2860C0F80080B8
:10977800E0E70646DAE74AF26842013BC0F6000233
:1097880052F823200023FFF777FE0646C6E701219B
:109798003846FFF741FE40F2712101220023416162
:1097A80002610546B8640360BDE700BF2DE9F84FC4
:1097B8000B694FEA621A0AEB03098B6809F1010683
:1097C8009E420F4693468046496804DD5B009E42F0
:1097D80001F10101FADC4046FFF71EFEBAF1000F65
:1097E80000F1140409DD00231A46254601335345C8
:1097F80045F8042BFAD104EB83043A6907F1140302
:109808001BF01F0B03EB820C21D0CBF1200A0022A6
:1098180000E02C461968254601FA0BF10A4345F881
:10982800042B53F8042B634522FA0AF2F1D3626041
:109838000AB109F10206D8F84C307A68013E53F8AB
:1098480022100661396043F82270BDE8F88F53F89A
:10985800042B9C4544F8042BEDD953F8042B9C4564
:1098680044F8042BF3D8E6E702690B6910B4D21A5E
:1098780018BF104612D19B00143014311944034408
:1098880001E098420DD253F8042D51F8044DA2423C
:10989800F7D0944294BF01204FF0FF305DF8044B9D
:1098A800704700205DF8044B704700BF2DE9F04772
:1098B8000C460646114620461546FFF7D5FF071EFB
:1098C80055D0BCBF23462C4661683046B6BF1D46FE
:1098D80000270127FFF7A0FD2A69D4F810C0143526
:1098E800143405EB8209C76000F1140304EB8C08FB
:1098F800002254F8046B55F8047BB1B20A441FFAED
:1099080087FA3F0CCAEB0201C7EB164202EB214271
:1099180089B241EA0246A94543F8046B4FEA22425C
:109928002146E6D8A0451F4615D951F8045BAEB2CA
:1099380032442D0C05EB224592B242EA0546884591
:1099480043F8046B4FEA2542EFD8E343434423F03E
:10995800030304333B44043B2EB953F8042D0CF1A4
:10996800FF3C002AF9D0C0F810C0BDE8F0873046A7
:109978003946FFF751FD012347610361BDE8F087D0
:109988002DE9F043012183B01D46C3F30A5614465E
:109998000A9FFFF741FDC5F3130380460EB143F458
:1099A8008013019324B302A840F8084D6846FFF7D6
:1099B800CBFD002835D19DE80C00C8F81420002BF9
:1099C8000CBF01240224C8F81830C8F81040DEB9CA
:1099D80008EB8403A0F2324038601869FFF796FD5F
:1099E8000B9BC0EB44101860404603B0BDE8F08301
:1099F80001A8FFF7A9FD019B01242030C8F8143005
:109A0800C8F81040002EE3D0A6F2334909EB000352
:109A18003B600B9BC0F135001860404603B0BDE8C1
:109A2800F083019BC0F1200103FA01F1C340009AC1
:109A380001930A43C8F81420C1E700BF70B541F28A
:109A4800B8040646C2F200040846002511461A4624
:109A5800256000F0C9F9431C00D070BD2368002BB5
:109A6800FBD0336070BD00BF50EA010301D1022072
:109A78007047D0F1010338BF0023B1F1004F08BF90
:109A88000028F4D021F000414FF6FF72A1F58010B4
:109A9800C7F6DF72904201D804207047B1F5801FE5
:109AA80001D2032070470020C7F6F070814214BF2E
:109AB800002003F0010070474B6E2DE9F0479C042D
:109AC8000E46804691462BD59368126802F1080A23
:109AD80023B31AE9A000BF081CBF043D002402D12B
:109AE80014E0A74210D0404655F8041F324600F053
:109AF8002DF8431C04F10104F3D10023C9F8083000
:109B0800C9F80430BDE8F087D9F80830A3EB87031B
:109B1800C9F808300AF1080A002BDAD10020ECE76E
:109B2800FBF7F2FE0023C9F80830C9F80430BDE895
:109B3800F08700BF936810B41BB15DF8044BFFF7C2
:109B4800BBBF184653605DF8044B704793892DE9F5
:109B5800F0410F46990414465FBF526E43F4005318
:109B680042F40052A38158BF626682B08046FFF774
:109B7800BFFB01283ED03A46404601A904F15C03E8
:109B880000F0BEF8421C06462DD09DF804100028AF
:109B980038D0002509E02368197023680133236051
:109BA8000135B5422ED201ABE95CA368013B002B1D
:109BB800A360F0DAA269934206DB23681970236870
:109BC800197801330A29EAD14046224600F046F8BE
:109BD800B0F1FF33584258410028E1D04FF0FF3030
:109BE80002B0BDE8F081A38943F04003A38102B02D
:109BF800BDE8F0817B1EFE2BBDD8F9B206468DF874
:109C08000410C6E7384602B0BDE8F08138B541F225
:109C1800B80400230546C2F2000408461146236032
:109C280000F0B2F8431C00D038BD2368002BFBD0ED
:109C38002B6038BD38B541F2B80400230546C2F29E
:109C480000040846236000F0B3F8431C00D038BD78
:109C58002368002BFBD02B6038BD00BFF8B50D463C
:109C68001446074610B1836B002B46D0A289A06921
:109C780093B2A06018072DD52669002E2AD0990422
:109C88005FBF636E42F4005223F400536366236897
:109C980058BFA28162699E1B9642EDB2B8BF0136D9
:109CA80022DAA268591C013AA26021601D7063691A
:109CB800B34206D0A389DB0701D50A2D01D0284677
:109CC800F8BD38462146FBF709FC0028F7D04FF0CD
:109CD800FF30F8BD38462146FEF7FEF90028F6D1D8
:109CE800A289266993B2CAE738462146FBF7F6FBF4
:109CF8000028ECD123680126D3E7FBF71FFCB5E762
:109D08002DE9F0410D4686B0064690461F46A9B19A
:109D180040F69014C2F200042468FFF7E3FA0097B3
:109D28000346294642463046A047431C01BF00224D
:109D38008A233A60336006B0BDE8F08140F690139C
:109D4800C2F200031C68FFF7CDFA009703462A46C3
:109D5800304603A9A047E8E749B1FF2A85BF8A230F
:109D680003600A704FF0FF3098BF01207047084623
:109D7800704700BF41F2B803C2F2000358221A60CC
:109D88004FF0FF30704700BF41F2B803C2F2000342
:109D980058221A604FF0FF30704700BF41F2B803F5
:109DA800C2F2000358221A604FF0FF30704700BF1C
:109DB80041F2B803C2F2000358221A60002070472B
:109DC80041F2B803C2F2000358221A604FF0FF3084
:109DD800704700BF41F2B803C2F2000358221A606C
:109DE8004FF0FF30704700BF41F2B803C2F20003E2
:109DF80058221A604FF0FF30704700BF41F2340319
:109E0800C2F20003196841F2C002C2F2000200293E
:109E180018BF0A461044186010467047FEE700BF96
:109E2800202573006563686F000000002C9E000801
:109E38005901000868656C70000000003C9E00082D
:109E4800E1010008556E6B6E6F776E2F62616420BA
:109E5800636F6D6D616E640A000000000000000011
:109E6800AD010008417661696C61626C6520636FC1
:109E78006D6D616E64733A0A00000000202025733E
:109E88000A0000003E200000436F6D6D616E642083
:109E98006661696C65640A00200800004932435F06
:109EA800535231004932435F5352315F534D42415F
:109EB8004C455254000000004932435F5352315F11
:109EC80054494D454F5554004932435F5352315F11
:109ED80050454345525200004932435F5352315F67
:109EE8004F5652004932435F5352315F414600009A
:109EF8004932435F5352315F41524C4F00000000DA
:109F08004932435F5352315F4245525200000000CC
:109F18004932435F5352315F547845004932435FB9
:109F28005352315F52784E45000000004932435F7A
:109F38005352315F53544F50460000004932435F3B
:109F48005352315F41444431300000004932435F8D
:109F58005352315F425446004932435F5352315F96
:109F680041444452000000004932435F5352315F7C
:109F780053420000A49E000800000000AC9E0008A8
:109F880000800000C09E000800400000D09E00082D
:109F980000100000E09E000800080000EC9E000889
:109FA80000040000F89E000800020000089F000856
:109FB80000010000189F000880000000249F00088E
:109FC80040000000349F000810000000449F000873
:109FD80008000000549F000804000000609F00086B
:109FE80002000000709F000801000000000000004F
:109FF80000000000493243205452414E534143541B
:10A00800494F4E2054494D4544204F5554000000B7
:10A0180052656769737465723A2025730A000000F7
:10A0280009252D3136733A203078256C780A0000DE
:10A0380012010002FF000040030431C605020102BC
:10A048000301000007058103040020000000000050
:10A05800000000000904000001000000004CA000FE
:10A0680008000000000000000000000000000000E0
:10A0780001000000000000005CA0000809020000C8
:10A08800010100803274A000080000007265646657
:10A09800656C696E656E696E6A612E6F72672E7582
:10A0A8006B0000006932632D73746D333266312D95
:10A0B800757362001100FF8E72656D61696E2D699E
:10A0C8006E2D6C6F616465720000000025730A00D4
:10A0D800696400007265626F6F740000D8A00008A0
:10A0E800F1280008DCA000081D2900086D61696ED0
:10A0F80020343738200A00006D61696E203438300A
:10A10800200A00006D61696E203438340A000000AE
:10A118006D61696E203438350A0000006D61696E22
:10A12800203438360A00000000020004000000064F
:10A138003031323334353637383941424344454675
:10A14800000000002B47000800000000000000008D
:10A1580000000000000000000000000000000000F7
:10A16800000000000000000000000000DF460008BA
:10A17800B5470008DF60DDD88945C74C9CD2659D8E
:10A188009E648A9F1347000800000000000000003A
:10A1980000000000000000008D470008014800088A
:10A1A80000000000BD4600082B460008994C000836
:10A1B800314E00087D4E00088D4F0008D54F00082D
:10A1C800B95000087D500008F95000087151000886
:10A1D8001D52000800000000000000000000000000
:10A1E800002020202020202020202828282828205F
:10A1F8002020202020202020202020202020202057
:10A2080020881010101010101010101010101010BE
:10A2180010040404040404040404041010101010AE
:10A228001010414141414141010101010101010178
:10A2380001010101010101010101010110101010CA
:10A24800101042424242424202020202020202024A
:10A25800020202020202020202020202101010109E
:10A2680020000000000000000000000000000000C6
:10A2780000000000000000000000000000000000D6
:10A2880000000000000000000000000000000000C6
:10A2980000000000000000000000000000000000B6
:10A2A80000000000000000000000000000000000A6
:10A2B8000000000000000000000000000000000096
:10A2C8000000000000000000000000000000000086
:10A2D8000000000000000000000000000000000076
:10A2E8000000000043000000F80000200A00000001
:10A2F8003030303030303030303030303030303056
:10A30800494E4600696E66004E414E006E616E0011
:10A318003031323334353637383941424344454693
:10A328000000000030313233343536373839616255
:10A338006364656600000000286E756C6C29000077
:10A348003000000020202020202020202020202055
:10A3580020202020496E66696E697479000000002B
:10A368004E614E00504F5349580000002E00000027
:10A37800000000000000F03F000000000000244042
:10A3880000000000000059400000000000408F401D
:10A39800000000000088C34000000000006AF84088
:10A3A8000000000080842E4100000000D0126341AC
:10A3B8000000000084D797410000000065CDCD4122
:10A3C800000000205FA00242000000E87648374203
:10A3D800000000A2941A6D42000040E59C30A242A1
:10A3E8000000901EC4BCD64200003426F56B0C4316
:10A3F8000080E03779C3414300A0D88557347643BD
:10A4080000C84E676DC1AB43003D9160E458E1431D
:10A41800408CB5781DAF154450EFE2D6E41A4B4492
:10A4280092D54D06CFF08044F64AE1C7022DB544D7
:10A43800B49DD9794378EA440080E03779C3414331
:10A44800176E05B5B5B89346F5F93FE9034F384D92
:10A45800321D30F94877825A3CBF737FDD4F15753E
:0CA4680005000000190000007D0000004D
:08A47400FC93FF7F01000000D2
:10A47C00349E0008449E0008649E00080000000002
:10A48C0000000000000000000000000000000000C0
:10A49C0000000000000000000000000000000000B0
:10A4AC0000000000000000000000000000000000A0
:10A4BC000000000000000000000000000000000090
:10A4CC000000000000000000000000000000000080
:10A4DC000000000000000000000000000000000070
:10A4EC000000000000000000000000000000000060
:10A4FC00A009002000040000000000000000000083
:10A50C00000000000000000000000000000000003F
:10A51C0000000000A40D002004000808000000004A
:10A52C00000000000000000000000000000000001F
:10A53C000000000094A00008ACA00008D00D002082
:10A54C00005400404D2700080000000000000000EF
:10A55C000000000000127A0000127A0000127A004B
:10A56C00E8A100080000000000000000E403002047
:10A57C004C040020B4040020000000000000000087
:10A58C0000000000000000000000000000000000BF
:10A59C00000000000000000000000000ECA2000819
:10A5AC00000000000000000000000000000000009F
:10A5BC00000000000000000000000000000000008F
:10A5CC00000000000000000000000000000000007F
:10A5DC00000000000000000000000000000000006F
:10A5EC00000000000000000000000000000000005F
:10A5FC00000000000000000000000000000000004F
:10A60C00000000000000000000000000000000003E
:10A61C0001000000000000000E33CDAB34126DE6DB
:10A62C00ECDE05000B000000000000000000000044
:10A63C00000000000000000000000000000000000E
:10A64C0000000000000000000000000000000000FE
:10A65C0000000000000000000000000000000000EE
:10A66C0000000000000000000000000000000000DE
:10A67C0000000000000000000000000000000000CE
:10A68C0000000000000000000000000000000000BE
:10A69C0000000000000000000000000000000000AE
:10A6AC00000000000000000000000000000000009E
:10A6BC00000000000000000000000000000000008E
:10A6CC00000000000000000000000000000000007E
:10A6DC00000000000000000000000000000000006E
:10A6EC00000000000000000000000000000000005E
:10A6FC00000000000000000000000000000000004E
:10A70C00000000000000000000000000000000003D
:10A71C00000000000000000000000000000000002D
:10A72C00000000000000000000000000000000001D
:10A73C00000000000000000000000000000000000D
:10A74C0000000000000000000000000000000000FD
:10A75C0000000000000000000000000000000000ED
:10A76C0000000000000000000000000000000000DD
:10A77C0000000000000000000000000000000000CD
:10A78C0000000000000000000000000000000000BD
:10A79C0000000000000000000000000000000000AD
:10A7AC00000000000000000000000000000000009D
:10A7BC00000000000000000000000000000000008D
:10A7CC00000000000000000000000000000000007D
:10A7DC00000000000000000000000000000000006D
:10A7EC00000000000000000000000000000000005D
:10A7FC00000000000000000000000000000000004D
:10A80C00000000000000000000000000000000003C
:10A81C00000000000000000000000000000000002C
:10A82C00000000000000000000000000000000001C
:10A83C00000000000000000000000000000000000C
:10A84C0000000000000000000000000000000000FC
:10A85C0000000000000000000000000000000000EC
:10A86C0000000000000000000000000000000000DC
:10A87C0000000000000000000000000000000000CC
:10A88C0000000000000000000000000000000000BC
:10A89C0000000000000000000000000000000000AC
:10A8AC00000000000000000000000000000000009C
:10A8BC00000000000000000000000000000000008C
:10A8CC00000000000000000000000000000000007C
:10A8DC00000000000000000000000000000000006C
:10A8EC00000000000000000000000000000000005C
:10A8FC00000000000000000000000000000000004C
:10A90C00000000000000000000000000000000003B
:10A91C00000000000000000000000000000000002B
:10A92C00000000000000000000000000000000001B
:10A93C00000000000000000000000000000000000B
:10A94C0000000000000000000000000000000000FB
:10A95C0000000000000000000000000000000000EB
:10A96C0000000000000000000000000000000000DB
:10A97C0000000000000000000000000000000000CB
:10A98C0000000000000000000000000000000000BB
:10A99C00F80000200000000000000000240500204A
:10A9AC00240500202C0500202C0500203405002057
:10A9BC00340500203C0500203C0500204405002007
:10A9CC00440500204C0500204C05002054050020B7
:10A9DC00540500205C0500205C0500206405002067
:10A9EC00640500206C0500206C0500207405002017
:10A9FC00740500207C0500207C05002084050020C7
:10AA0C00840500208C0500208C0500209405002076
:10AA1C00940500209C0500209C050020A405002026
:10AA2C00A4050020AC050020AC050020B4050020D6
:10AA3C00B4050020BC050020BC050020C405002086
:10AA4C00C4050020CC050020CC050020D405002036
:10AA5C00D4050020DC050020DC050020E4050020E6
:10AA6C00E4050020EC050020EC050020F405002096
:10AA7C00F4050020FC050020FC0500200406002045
:10AA8C00040600200C0600200C06002014060020F2
:10AA9C00140600201C0600201C06002024060020A2
:10AAAC00240600202C0600202C0600203406002052
:10AABC00340600203C0600203C0600204406002002
:10AACC00440600204C0600204C06002054060020B2
:10AADC00540600205C0600205C0600206406002062
:10AAEC00640600206C0600206C0600207406002012
:10AAFC00740600207C0600207C06002084060020C2
:10AB0C00840600208C0600208C0600209406002071
:10AB1C00940600209C0600209C060020A406002021
:10AB2C00A4060020AC060020AC060020B4060020D1
:10AB3C00B4060020BC060020BC060020C406002081
:10AB4C00C4060020CC060020CC060020D406002031
:10AB5C00D4060020DC060020DC060020E4060020E1
:10AB6C00E4060020EC060020EC060020F406002091
:10AB7C00F4060020FC060020FC0600200407002040
:10AB8C00040700200C0700200C07002014070020ED
:10AB9C00140700201C0700201C070020240700209D
:10ABAC00240700202C0700202C070020340700204D
:10ABBC00340700203C0700203C07002044070020FD
:10ABCC00440700204C0700204C07002054070020AD
:10ABDC00540700205C0700205C070020640700205D
:10ABEC00640700206C0700206C070020740700200D
:10ABFC00740700207C0700207C07002084070020BD
:10AC0C00840700208C0700208C070020940700206C
:10AC1C00940700209C0700209C070020A40700201C
:10AC2C00A4070020AC070020AC070020B4070020CC
:10AC3C00B4070020BC070020BC070020C40700207C
:10AC4C00C4070020CC070020CC070020D40700202C
:10AC5C00D4070020DC070020DC070020E4070020DC
:10AC6C00E4070020EC070020EC070020F40700208C
:10AC7C00F4070020FC070020FC070020040800203B
:10AC8C00040800200C0800200C08002014080020E8
:10AC9C00140800201C0800201C0800202408002098
:10ACAC00240800202C0800202C0800203408002048
:10ACBC00340800203C0800203C08002044080020F8
:10ACCC00440800204C0800204C08002054080020A8
:10ACDC00540800205C0800205C0800206408002058
:10ACEC00640800206C0800206C0800207408002008
:10ACFC00740800207C0800207C08002084080020B8
:10AD0C00840800208C0800208C0800209408002067
:10AD1C00940800209C0800209C080020A408002017
:10AD2C00A4080020AC080020AC080020B4080020C7
:10AD3C00B4080020BC080020BC080020C408002077
:10AD4C00C4080020CC080020CC080020D408002027
:10AD5C00D4080020DC080020DC080020E4080020D7
:10AD6C00E4080020EC080020EC080020F408002087
:10AD7C00F4080020FC080020FC0800200409002036
:10AD8C00040900200C0900200C09002014090020E3
:10AD9C00140900201C0900201C09002000000200DE
:10ADAC00FFFFFFFF74A3000828A3000828A30008D6
:10ADBC0028A3000828A3000828A3000828A300083B
:10ADCC0028A3000828A3000828A30008FFFFFFFF02
:10ADDC00FFFFFFFFFFFFFFFFFFFF00004153434951
:10ADEC00490000000000000000000000000000000E
:10ADFC000000000000000000000000000100000046
:04AE0C00619D00083C
:0400000508003DB101
:00000001FF
